"","Genebank","gene","Scaffold","V3","V4","V5","V6","V7","V8","V9","V10","e-value","V12","Cluster","Tissue.specificity","Description","accessions","gene_id","gene_name","gene_description","alt_gene_description","all_GO_ids","BP_GO_ids","CC_GO_ids","MF_GO_ids","GOslim","Term"
"1","AM863520","PGEN_.00g249580","Scaffold_12:20098267-20123571",84.259,108,17,0,252,359,4877,4770,4.53e-25,119,3,"","(sp:Q5R416) Catenin alpha-2 OS=Pongo abelii GN=CTNNA2 PE=2 SV=3","Q5R416;Q5R4P9",100174076,"CTNNA2","Catenin alpha-2","Alpha N-catenin","GO:0015629;GO:0005912;GO:0030424;GO:0005737;GO:0005634;GO:0005886;GO:0051015;GO:0045296;GO:0005198;GO:0007409;GO:0048854;GO:0098609;GO:0048813;GO:0034316;GO:0060134;GO:0021942;GO:2001222;GO:0010975;GO:0051823","GO:0007409;GO:0048854;GO:0098609;GO:0048813;GO:0034316;GO:0060134;GO:0021942;GO:2001222;GO:0010975;GO:0051823","GO:0015629;GO:0005912;GO:0030424;GO:0005737;GO:0005634;GO:0005886","GO:0051015;GO:0045296;GO:0005198","GO:0030154;GO:0048856;GO:0048856;GO:0007155;GO:0030154;GO:0048856;GO:0007010;GO:0050877;GO:0048856;GO:0048870;GO:0030154;GO:0048856;GO:0048870;GO:0030154;GO:0048856;GO:0034330","cell differentiation;anatomical structure development;anatomical structure development;cell adhesion;cell differentiation;anatomical structure development;cytoskeleton organization;nervous system process;anatomical structure development;cell motility;cell differentiation;anatomical structure development;cell motility;cell differentiation;anatomical structure development;cell junction organization"
"2","CU988915","PGEN_.00g083570","Scaffold_04:12277941-12315161",74.242,198,51,0,213,410,36771,36574,1.22e-27,128,6,"","(sp:Q498H0) Sister chromatid cohesion protein PDS5 homolog B-A OS=Xenopus laevis GN=pds5b-A PE=1 SV=1","Q5F3U9",418910,"PDS5B","Sister chromatid cohesion protein PDS5 homolog B","Androgen-induced proliferation inhibitor","GO:0000785;GO:0005634;GO:0051301;GO:0006281;GO:0007064;GO:0008285","GO:0051301;GO:0006281;GO:0007064;GO:0008285","GO:0000785;GO:0005634","","GO:0000278;GO:0007059;GO:0140014","mitotic cell cycle;chromosome segregation;mitotic nuclear division"
"3","FP005928","PGEN_.00g115390","Scaffold_05:31254913-31268529",79.675,123,14,4,170,284,7174,7055,1.69e-20,102,9,"","(sp:P83917) Chromobox protein homolog 1 OS=Mus musculus GN=Cbx1 PE=1 SV=1","Q5R6X7",100173451,"CBX3","Chromobox protein homolog 3","Heterochromatin protein 1 homolog gamma","GO:0000785;GO:0061793;GO:0000779;GO:0000791;GO:0000792;GO:0005635;GO:0005721;GO:0090575;GO:0090734;GO:0005819;GO:1990226;GO:0042802;GO:0019904;GO:0001221;GO:0006974;GO:0031507;GO:0045892;GO:0048511","GO:0006974;GO:0031507;GO:0045892;GO:0048511","GO:0000785;GO:0061793;GO:0000779;GO:0000791;GO:0000792;GO:0005635;GO:0005721;GO:0090575;GO:0090734;GO:0005819","GO:1990226;GO:0042802;GO:0019904;GO:0001221","GO:0006325;GO:0006351;GO:0006355","chromatin organization;DNA-templated transcription;regulation of DNA-templated transcription"
"4","AM857424","PGEN_.00g147120","Scaffold_06:46560730-46570090",68.59,624,182,9,44,660,183,799,1.1e-53,214,3,"female gonad","(sp:Q5ZJI0) Protein-tyrosine sulfotransferase 2 OS=Gallus gallus GN=TPST2 PE=2 SV=1","O60507;A4D2M0;Q6FGM7",8460,"TPST1","Protein-tyrosine sulfotransferase 1","Tyrosylprotein sulfotransferase 1","GO:0005794;GO:0000139;GO:0030173;GO:0016020;GO:0042803;GO:0008476;GO:0008146;GO:0050427;GO:0006954;GO:0006478","GO:0050427;GO:0006954;GO:0006478","GO:0005794;GO:0000139;GO:0030173;GO:0016020","GO:0042803;GO:0008476;GO:0008146","GO:0006790;GO:0055086;GO:1901135;GO:0006790","sulfur compound metabolic process;nucleobase-containing small molecule metabolic process;carbohydrate derivative metabolic process;sulfur compound metabolic process"
"5","CU999660","PGEN_.00g009290","Scaffold_01:24158956-24178469",74.101,139,30,3,511,646,11633,11498,1.89e-13,81.5,3,"female gonad","(sp:Q8CG46) Structural maintenance of chromosomes protein 5 OS=Mus musculus GN=Smc5 PE=2 SV=1","Q8IY18;A6NM81;O60335;Q05D92;Q5VZ60;Q96SB9",23137,"SMC5","Structural maintenance of chromosomes protein 5","Gliotactin homolog","GO:0030054;GO:0000775;GO:0000781;GO:0005737;GO:0035061;GO:0016607;GO:0005654;GO:0005634;GO:0016605;GO:0000803;GO:0035861;GO:0030915;GO:0005524;GO:0016887;GO:0051301;GO:0006974;GO:0090398;GO:0030261;GO:0000724;GO:0018393;GO:0044772;GO:0051984;GO:0034184;GO:0071459;GO:0007062;GO:0019827;GO:0000722","GO:0051301;GO:0006974;GO:0090398;GO:0030261;GO:0000724;GO:0018393;GO:0044772;GO:0051984;GO:0034184;GO:0071459;GO:0007062;GO:0019827;GO:0000722","GO:0030054;GO:0000775;GO:0000781;GO:0005737;GO:0035061;GO:0016607;GO:0005654;GO:0005634;GO:0016605;GO:0000803;GO:0035861;GO:0030915","GO:0005524;GO:0016887","GO:0006281;GO:0006310;GO:0000278;GO:0007059;GO:0000278;GO:0007059;GO:0140014;GO:0007059;GO:0006310;GO:0032200","DNA repair;DNA recombination;mitotic cell cycle;chromosome segregation;mitotic cell cycle;chromosome segregation;mitotic nuclear division;chromosome segregation;DNA recombination;telomere organization"
"6","CU682645","PGEN_.00g177910","Scaffold_08:26961810-26962778",78.594,313,67,0,2,314,466,778,8.47e-69,263,7,"","(sp:P67963) Casein kinase I isoform alpha OS=Xenopus laevis GN=csnk1a1 PE=2 SV=1","P67962;O57528;P70065;P79789;P79790",395924,"CSNK1A1","Casein kinase I isoform alpha","CK1","GO:0036064;GO:0005737;GO:0000776;GO:0016607;GO:0005634;GO:0005819;GO:0005524;GO:0106310;GO:0004674;GO:0004712;GO:0007049;GO:0051301;GO:0045104;GO:0090090;GO:0018105;GO:0006468;GO:0016055","GO:0007049;GO:0051301;GO:0045104;GO:0090090;GO:0018105;GO:0006468;GO:0016055","GO:0036064;GO:0005737;GO:0000776;GO:0016607;GO:0005634;GO:0005819","GO:0005524;GO:0106310;GO:0004674;GO:0004712","GO:0007010;GO:0023052;GO:0023052","cytoskeleton organization;signaling;signaling"
"7","AM860311","PGEN_.00g261330","Scaffold_13:4516674-4523927",76.136,264,63,0,95,358,6327,6064,2.86e-47,193,5,"","(sp:Q9JLI7) Sperm-associated antigen 6 OS=Mus musculus GN=Spag6 PE=1 SV=1","Q9JLI7;Q8K461",50525,"Spag6","Sperm-associated antigen 6","Protein PF16 homolog","GO:0001669;GO:1990716;GO:0005930;GO:0031410;GO:0005829;GO:0005576;GO:0120249;GO:0002177;GO:0005874;GO:0015630;GO:0097228;GO:0008017;GO:0051301;GO:0034613;GO:0090660;GO:0043583;GO:0003351;GO:0045198;GO:0010761;GO:0046847;GO:0030317;GO:0044458;GO:0120197;GO:1990138;GO:1905515;GO:0003356;GO:0090175;GO:0007288;GO:0007283;GO:0043149;GO:0006931","GO:0051301;GO:0034613;GO:0090660;GO:0043583;GO:0003351;GO:0045198;GO:0010761;GO:0046847;GO:0030317;GO:0044458;GO:0120197;GO:1990138;GO:1905515;GO:0003356;GO:0090175;GO:0007288;GO:0007283;GO:0043149;GO:0006931","GO:0001669;GO:1990716;GO:0005930;GO:0031410;GO:0005829;GO:0005576;GO:0120249;GO:0002177;GO:0005874;GO:0015630;GO:0097228","GO:0008017","GO:0007018;GO:0050877;GO:0048856;GO:0007018;GO:0007163;GO:0030154;GO:0048856;GO:0048870;GO:0007018;GO:0022414;GO:0048870;GO:0044782;GO:0003016;GO:0007018;GO:0030154;GO:0048856;GO:0044782;GO:0007018;GO:0048856;GO:0007010;GO:0007018;GO:0022414;GO:0030154;GO:0044782;GO:0048856;GO:0048870;GO:0022414;GO:0007010;GO:0007155;GO:0048870","microtubule-based movement;nervous system process;anatomical structure development;microtubule-based movement;establishment or maintenance of cell polarity;cell differentiation;anatomical structure development;cell motility;microtubule-based movement;reproductive process;cell motility;cilium organization;respiratory system process;microtubule-based movement;cell differentiation;anatomical structure development;cilium organization;microtubule-based movement;anatomical structure development;cytoskeleton organization;microtubule-based movement;reproductive process;cell differentiation;cilium organization;anatomical structure development;cell motility;reproductive process;cytoskeleton organization;cell adhesion;cell motility"
"8","AM861884","PGEN_.00g120960","Scaffold_05:46479775-46484814",78.571,98,21,0,211,308,3214,3311,3.43e-14,83.3,5,"","(sp:A3KMX7) Putative malate dehydrogenase 1B OS=Bos taurus GN=MDH1B PE=2 SV=1","Q8T773",NA,"MDH1B","Putative malate dehydrogenase 1B","Protein-glutamine N-methyltransferase PrmC","GO:0016615;GO:0016616;GO:0005975;GO:0006108;GO:0006099","GO:0005975;GO:0006108;GO:0006099","","GO:0016615;GO:0016616","GO:0006091","generation of precursor metabolites and energy"
"9","FP001184","PGEN_.00g122190","Scaffold_05:49542151-49599351",77.885,104,23,0,54,157,42,145,5.37e-15,85.1,3,"","(sp:Q6NSM8) Serine/threonine-protein kinase SIK3 homolog OS=Danio rerio GN=zgc:66101 PE=2 SV=1","Q6NSM8;Q6PHV1",393513,"","Serine/threonine-protein kinase SIK3 homolog","Serine/threonine-protein kinase QSK homolog","GO:0005737;GO:0005524;GO:0000287;GO:0106310;GO:0004674;GO:0004712;GO:0050321;GO:0035556;GO:0000226;GO:0006468","GO:0035556;GO:0000226;GO:0006468","GO:0005737","GO:0005524;GO:0000287;GO:0106310;GO:0004674;GO:0004712;GO:0050321","GO:0023052;GO:0007010","signaling;cytoskeleton organization"
"10","FP008026","PGEN_.00g032220","Scaffold_01:87624196-87624507",67.939,262,72,3,10,268,266,14,5.43e-17,92.4,2,"female gonad","(sp:Q8TBZ3) WD repeat-containing protein 20 OS=Homo sapiens GN=WDR20 PE=1 SV=2","Q9D5R2;Q80X67;Q9D5L0",70948,"Wdr20","WD repeat-containing protein 20","Protein DMR","","","","",NA,NA
"11","AM867657","PGEN_.00g036380","Scaffold_02:8465347-8486845",77.099,131,30,0,426,556,894,764,3.52e-20,102,3,"female gonad","(sp:Q9NXV2) BTB/POZ domain-containing protein KCTD5 OS=Homo sapiens GN=KCTD5 PE=1 SV=1","A5PKG7",100125308,"KCTD5","BTB/POZ domain-containing protein KCTD5","Sphere organelles protein SPH-1","GO:0031463;GO:0005737;GO:0005829;GO:0005634;GO:0097602;GO:0043161;GO:0051260","GO:0043161;GO:0051260","GO:0031463;GO:0005737;GO:0005829;GO:0005634","GO:0097602","GO:0030163;GO:0065003","protein catabolic process;protein-containing complex assembly"
"12","AM856027","PGEN_.00g051540","Scaffold_02:51396321-51427416",72.593,135,37,0,443,577,30600,30466,3.92e-13,78.8,2,"","(sp:Q6IE24) Inactive ubiquitin carboxyl-terminal hydrolase 54 OS=Rattus norvegicus GN=Usp54 PE=2 SV=2","Q70EL1;A1L4Q4;A3KFK3;A3KFK5;A3KFK6;A3KFK7;A6PVS4;A6PVS5;A6PVS6A6PVS7;B3KVY1;B9ZVM1;Q5F2F4;Q6P1N6;Q6ZSP1;Q6ZSR1;Q6ZTM0;Q8N1X2",159195,"USP54","Inactive ubiquitin carboxyl-terminal hydrolase 54","Inactive ubiquitin-specific peptidase 54","GO:0004843;GO:0016579","GO:0016579","","GO:0004843",NA,NA
"13","AM864971","PGEN_.00g146190","Scaffold_06:44103121-44125397",67.702,322,100,2,91,410,18392,18711,7.52e-22,107,7,"","(sp:Q08AX9) Uncharacterized protein KIAA1841 homolog OS=Xenopus laevis PE=2 SV=1","Q6NSI8;Q49AF0;Q6ZND0;Q96JI6",84542,"SANBR","SANT and BTB domain regulator of class switch recombination","Nucleolar complex-associated protein 4-like protein B","","","","",NA,NA
"14","AM862640","PGEN_.00g315750","Scaffold_15:47528864-47548460",74.742,194,48,1,379,572,17268,17460,4.72e-27,126,7,"","(sp:Q3SWX9) Double-strand-break repair protein rad21 homolog OS=Bos taurus GN=RAD21 PE=2 SV=1",NA,NA,NA,NA,NA,NA,NA,NA,NA,NA,NA
"15","AM854101","PGEN_.00g055680","Scaffold_02:62655793-62660629",77.941,204,45,0,154,357,3113,2910,5.3e-39,166,3,"","(sp:Q6PDU1) Splicing factor, arginine/serine-rich 2 OS=Rattus norvegicus GN=Sfrs2 PE=1 SV=3","P30352",396195,"SRSF2","Serine/arginine-rich splicing factor 2","Splicing factor arginine/serine-rich 2","GO:0005737;GO:0016607;GO:0005681;GO:0036002;GO:0003723;GO:0000398;GO:0000381","GO:0000398;GO:0000381","GO:0005737;GO:0016607;GO:0005681","GO:0036002;GO:0003723","GO:0016071;GO:0016071","mRNA metabolic process;mRNA metabolic process"
"16","AM858786","PGEN_.00g130450","Scaffold_06:3985981-3995572",84.375,64,10,0,92,155,19,82,7.76e-11,71.6,9,"","(sp:Q9P0Z9) Peroxisomal sarcosine oxidase OS=Homo sapiens GN=PIPOX PE=2 SV=2","Q29RU9;Q5E9H6",509102,"PIPOX","Peroxisomal sarcosine oxidase","L-pipecolic acid oxidase","GO:0005777;GO:0050031;GO:0008115;GO:0033514;GO:0046653","GO:0033514;GO:0046653","GO:0005777","GO:0050031;GO:0008115","GO:0006520;GO:0006790;GO:0055086;GO:1901135;GO:0006575","cellular amino acid metabolic process;sulfur compound metabolic process;nucleobase-containing small molecule metabolic process;carbohydrate derivative metabolic process;cellular modified amino acid metabolic process"
"17","AM867260","PGEN_.00g069920","Scaffold_03:33016683-33054809",75,140,35,0,224,363,36522,36661,5.33e-18,96,3,"female gonad","(sp:B4F7A7) Centrosomal protein of 57 kDa OS=Rattus norvegicus GN=Cep57 PE=1 SV=2","B4F7A7",315423,"Cep57","Centrosomal protein of 57 kDa","Translokin","GO:0005813;GO:0005737;GO:0005794;GO:0005874;GO:0005634;GO:0017134;GO:0043015;GO:0008017;GO:0042803;GO:0008543;GO:0034453;GO:0051260;GO:0007286","GO:0008543;GO:0034453;GO:0051260;GO:0007286","GO:0005813;GO:0005737;GO:0005794;GO:0005874;GO:0005634","GO:0017134;GO:0043015;GO:0008017;GO:0042803","GO:0023052;GO:0007010;GO:0065003;GO:0022414;GO:0030154;GO:0048856","signaling;cytoskeleton organization;protein-containing complex assembly;reproductive process;cell differentiation;anatomical structure development"
"18","EX956437","PGEN_.00g321960","Scaffold_16:16433751-16496524",81.25,96,18,0,135,230,6541,6636,8.56e-18,93.3,2,"female gonad","(sp:Q62901) Arginine-glutamic acid dipeptide repeats protein OS=Rattus norvegicus GN=Rere PE=2 SV=2","Q62901",116665,"Rere","Arginine-glutamic acid dipeptide repeats protein","Atrophin-1-related protein","GO:0000118;GO:0005634;GO:0016605;GO:0003682;GO:0043565;GO:0003713;GO:0003714;GO:0008270;GO:0048755;GO:0021930;GO:0021691;GO:0021549;GO:0006338;GO:0048813;GO:0021942","GO:0048755;GO:0021930;GO:0021691;GO:0021549;GO:0006338;GO:0048813;GO:0021942","GO:0000118;GO:0005634;GO:0016605","GO:0003682;GO:0043565;GO:0003713;GO:0003714;GO:0008270","GO:0048856;GO:0048856;GO:0048856;GO:0048856;GO:0006325;GO:0030154;GO:0048856;GO:0048856;GO:0048870","anatomical structure development;anatomical structure development;anatomical structure development;anatomical structure development;chromatin organization;cell differentiation;anatomical structure development;anatomical structure development;cell motility"
"19","AM854780","PGEN_.00g033280","Scaffold_01:89556182-89562340",78.082,146,28,2,573,716,210,67,6.68e-24,114,1,"adductor muscle","(sp:P62155) Calmodulin OS=Xenopus laevis GN=calm1 PE=1 SV=2","P62146;P02593;P70667;P99014;Q61379;Q61380",NA,"","Calmodulin-alpha","Spermidine aminopropyltransferase","GO:0005509","","","GO:0005509",NA,NA
"20","AM860211","PGEN_.00g175060","Scaffold_08:19020009-19021340",71.062,273,77,2,404,675,1133,862,5.76e-28,130,4,"female gonad","(sp:Q6VFT5) Forkhead box protein L2 OS=Oryctolagus cuniculus GN=FOXL2 PE=4 SV=1","Q64731;B2RQ86",14241,"Foxl1","Forkhead box protein L1","Transcription factor FKH-6","GO:0005634;GO:0003677;GO:0003700;GO:0000981;GO:0000978;GO:0043565;GO:0009653;GO:0030154;GO:0007507;GO:0061146;GO:0030166;GO:0006357;GO:0006355;GO:0030111;GO:0007495","GO:0009653;GO:0030154;GO:0007507;GO:0061146;GO:0030166;GO:0006357;GO:0006355;GO:0030111;GO:0007495","GO:0005634","GO:0003677;GO:0003700;GO:0000981;GO:0000978;GO:0043565","GO:0048856;GO:0048856;GO:0002376;GO:0048856;GO:1901135;GO:0006351;GO:0006355;GO:0006351;GO:0023052;GO:0023052;GO:0048856","anatomical structure development;anatomical structure development;immune system process;anatomical structure development;carbohydrate derivative metabolic process;DNA-templated transcription;regulation of DNA-templated transcription;DNA-templated transcription;signaling;signaling;anatomical structure development"
"21","CU989217","PGEN_.00g143190","Scaffold_06:36574781-36607096",79.612,103,21,0,601,703,14691,14793,1.26e-16,92.4,4,"female gonad","(sp:Q499P8) UPF0420 protein C16orf58 homolog OS=Rattus norvegicus PE=2 SV=1","Q91W34;Q3TCP4;Q3UEA8;Q3UFY1",233913,"Rusf1","RUS family member 1","Lipoyl ligase","GO:0016021","","GO:0016021","",NA,NA
"22","AM864416","PGEN_.00g224420","Scaffold_10:53090420-53092108",78.399,537,114,2,7,542,722,187,1.08e-121,439,7,"","(sp:Q92630) Dual specificity tyrosine-phosphorylation-regulated kinase 2 OS=Homo sapiens GN=DYRK2 PE=1 SV=3","Q92630;B2R9V9;Q9BRB5",8445,"DYRK2","Dual specificity tyrosine-phosphorylation-regulated kinase 2","Neurotensin receptor 3","GO:0005737;GO:0005856;GO:0005829;GO:0005654;GO:0005634;GO:1990904;GO:0000151;GO:0005524;GO:0000287;GO:0030145;GO:0106310;GO:0004674;GO:0004712;GO:0004713;GO:0006974;GO:0042771;GO:0070885;GO:0018105;GO:0018107;GO:0045725;GO:0006468;GO:1901796;GO:0007224","GO:0006974;GO:0042771;GO:0070885;GO:0018105;GO:0018107;GO:0045725;GO:0006468;GO:1901796;GO:0007224","GO:0005737;GO:0005856;GO:0005829;GO:0005654;GO:0005634;GO:1990904;GO:0000151","GO:0005524;GO:0000287;GO:0030145;GO:0106310;GO:0004674;GO:0004712;GO:0004713","GO:0012501;GO:0023052;GO:0023052;GO:0005975;GO:0006091;GO:0023052;GO:0023052","programmed cell death;signaling;signaling;carbohydrate metabolic process;generation of precursor metabolites and energy;signaling;signaling"
"23","CF369133","PGEN_.00g289370","Scaffold_14:30462031-30466364",76.95,564,124,5,2,564,677,119,2.68e-116,421,6,"","(sp:Q25010) Actin, cytoplasmic A3a OS=Helicoverpa armigera GN=actA3a PE=2 SV=1","Q26065",NA,"","Actin adductor muscle","Leucine-rich repeat-containing protein 44","GO:0005737;GO:0005856;GO:0005524","","GO:0005737;GO:0005856","GO:0005524",NA,NA
"24","CU988908","PGEN_.00g244730","Scaffold_12:6208537-6227509",70.213,235,68,2,35,268,3329,3562,4.32e-20,102,7,"","(sp:Q91783) Kinesin-related motor protein Eg5 2 OS=Xenopus laevis PE=2 SV=1","B2GU58;D0PPG2",548870,"kif11","Kinesin-like protein KIF11","Costal2","GO:0005813;GO:0005737;GO:0005634;GO:0005876;GO:0000922;GO:0005524;GO:0008017;GO:0003777;GO:0008574;GO:0019901;GO:0051301;GO:0007018;GO:0090307","GO:0051301;GO:0007018;GO:0090307","GO:0005813;GO:0005737;GO:0005634;GO:0005876;GO:0000922","GO:0005524;GO:0008017;GO:0003777;GO:0008574;GO:0019901","GO:0000278;GO:0007010;GO:0140014","mitotic cell cycle;cytoskeleton organization;mitotic nuclear division"
"25","CU683452","PGEN_.00g043220","Scaffold_02:28115269-28146802",69.374,431,132,0,3,433,11603,11173,1.03e-44,183,1,"adductor muscle","(sp:P24733) Myosin heavy chain, striated muscle OS=Aequipecten irradians PE=1 SV=1","P24733",NA,"","Myosin heavy chain striated muscle","Protein soc-2 homolog","GO:0030016;GO:0016459;GO:0032982;GO:0051015;GO:0005524;GO:0005516;GO:0003774","","GO:0030016;GO:0016459;GO:0032982","GO:0051015;GO:0005524;GO:0005516;GO:0003774",NA,NA
"26","FP002471","PGEN_.00g329120","Scaffold_17:5571172-5673606",67.839,199,64,0,22,220,13911,14109,2.72e-11,71.6,1,"","(sp:Q8WZ42) Titin OS=Homo sapiens GN=TTN PE=1 SV=2","A2ASS6;A2ASS5;A2ASS7",NA,"Ttn","Titin","Connectin","GO:0031672;GO:0000794;GO:0031674;GO:0031430;GO:0005859;GO:0030017;GO:0005865;GO:0030018;GO:0051015;GO:0042805;GO:0030506;GO:0005524;GO:0005509;GO:0005516;GO:0019899;GO:0042802;GO:0051371;GO:0002020;GO:0019901;GO:0043621;GO:0106310;GO:0004674;GO:0004712;GO:0004713;GO:0005200;GO:0008307;GO:0097493;GO:0031433;GO:0007512;GO:0055013;GO:0060048;GO:0003300;GO:0055008;GO:0055003;GO:0035995;GO:0043056;GO:0007507;GO:0060419;GO:0003007;GO:0001701;GO:0006936;GO:0010628;GO:0050714;GO:0010737;GO:0050790;GO:0045859;GO:1901897;GO:0051592;GO:0045214;GO:0048769;GO:0030241;GO:0030240;GO:0001756;GO:0055002;GO:0021591","GO:0007512;GO:0055013;GO:0060048;GO:0003300;GO:0055008;GO:0055003;GO:0035995;GO:0043056;GO:0007507;GO:0060419;GO:0003007;GO:0001701;GO:0006936;GO:0010628;GO:0050714;GO:0010737;GO:0050790;GO:0045859;GO:1901897;GO:0051592;GO:0045214;GO:0048769;GO:0030241;GO:0030240;GO:0001756;GO:0055002;GO:0021591","GO:0031672;GO:0000794;GO:0031674;GO:0031430;GO:0005859;GO:0030017;GO:0005865;GO:0030018","GO:0051015;GO:0042805;GO:0030506;GO:0005524;GO:0005509;GO:0005516;GO:0019899;GO:0042802;GO:0051371;GO:0002020;GO:0019901;GO:0043621;GO:0106310;GO:0004674;GO:0004712;GO:0004713;GO:0005200;GO:0008307;GO:0097493;GO:0031433","GO:0048856;GO:0030154;GO:0048856;GO:0003012;GO:0003013;GO:0003012;GO:0048856;GO:0007010;GO:0030154;GO:0048856;GO:0048856;GO:0048856;GO:0048856;GO:0048856;GO:0003012;GO:0023052;GO:0003012;GO:0007010;GO:0030154;GO:0048856;GO:0007010;GO:0030154;GO:0048856;GO:0007010;GO:0030154;GO:0048856;GO:0065003;GO:0007010;GO:0030154;GO:0048856;GO:0048856;GO:0030154;GO:0048856;GO:0048856","anatomical structure development;cell differentiation;anatomical structure development;muscle system process;circulatory system process;muscle system process;anatomical structure development;cytoskeleton organization;cell differentiation;anatomical structure development;anatomical structure development;anatomical structure development;anatomical structure development;anatomical structure development;muscle system process;signaling;muscle system process;cytoskeleton organization;cell differentiation;anatomical structure development;cytoskeleton organization;cell differentiation;anatomical structure development;cytoskeleton organization;cell differentiation;anatomical structure development;protein-containing complex assembly;cytoskeleton organization;cell differentiation;anatomical structure development;anatomical structure development;cell differentiation;anatomical structure development;anatomical structure development"
"27","FP003003","PGEN_.00g171530","Scaffold_08:8835332-8962704",82.558,86,15,0,54,139,40689,40604,9.12e-16,88.7,7,"","(sp:Q922R1) UPF0183 protein C16orf70 homolog OS=Mus musculus PE=2 SV=1","O08654",207123,"Phaf1","Phagosome assembly factor 1","Der1-like protein 1","GO:0030425;GO:0016020;GO:0000407;GO:0030672;GO:0005802;GO:0035254;GO:0030165;GO:0043001","GO:0043001","GO:0030425;GO:0016020;GO:0000407;GO:0030672;GO:0005802","GO:0035254;GO:0030165","GO:0016192;GO:0072659","vesicle-mediated transport;protein localization to plasma membrane"
"28","AM859142","PGEN_.00g129550","Scaffold_06:1691366-1705080",77.049,122,27,1,38,158,12340,12461,6.27e-17,91.5,2,"female gonad","(sp:Q9CUS9) Signal peptide peptidase-like 3 OS=Mus musculus GN=Sppl3 PE=2 SV=2","Q8TCT6;Q3MJ04;Q8TAU4;Q96DD9",121665,"SPPL3","Signal peptide peptidase-like 3","Presenilin-like protein 4","GO:0033116;GO:0005794;GO:0030660;GO:0071458;GO:0071556;GO:0043231;GO:0016020;GO:0005886;GO:0005791;GO:0042500;GO:0042803;GO:0033619;GO:0070886;GO:0007204;GO:0032092;GO:0035307;GO:0006465;GO:0050852","GO:0033619;GO:0070886;GO:0007204;GO:0032092;GO:0035307;GO:0006465;GO:0050852","GO:0033116;GO:0005794;GO:0030660;GO:0071458;GO:0071556;GO:0043231;GO:0016020;GO:0005886;GO:0005791","GO:0042500;GO:0042803","GO:0023052;GO:0051604;GO:0002376;GO:0023052","signaling;protein maturation;immune system process;signaling"
"29","AM868574","PGEN_.00g052730","Scaffold_02:54230854-54271385",73.182,220,59,0,182,401,27908,28127,1.32e-28,132,7,"","(sp:P51892) DNA ligase 1 OS=Xenopus laevis GN=lig1 PE=2 SV=1","P51892",397978,"lig1","DNA ligase 1","Polydeoxyribonucleotide synthase [ATP] 1","GO:0005634;GO:0005524;GO:0003677;GO:0003910;GO:0046872;GO:0007049;GO:0051301;GO:0071897;GO:0006310;GO:0006281;GO:0006260","GO:0007049;GO:0051301;GO:0071897;GO:0006310;GO:0006281;GO:0006260","GO:0005634","GO:0005524;GO:0003677;GO:0003910;GO:0046872",NA,NA
"30","DV736560","PGEN_.00g048520","Scaffold_02:42880708-42890697",72.787,305,77,2,53,351,9597,9901,1.46e-41,173,7,"","(sp:Q17045) GTP-binding protein AGP-1 OS=Ascaris suum GN=AGP-1 PE=2 SV=1","D2XV59",300077,"Gtpbp1","GTP-binding protein 1","Extracellular O-linked N-acetylglucosamine transferase","GO:0000177;GO:0005829;GO:0005525;GO:0003924;GO:0003746;GO:0046039;GO:0061014;GO:0006414","GO:0046039;GO:0061014;GO:0006414","GO:0000177;GO:0005829","GO:0005525;GO:0003924;GO:0003746","GO:0055086;GO:1901135;GO:0016071","nucleobase-containing small molecule metabolic process;carbohydrate derivative metabolic process;mRNA metabolic process"
"31","AM863306","PGEN_.00g115390","Scaffold_05:31254913-31268529",85.124,121,18,0,600,720,142,22,5.91e-31,139,9,"","(sp:P83917) Chromobox protein homolog 1 OS=Mus musculus GN=Cbx1 PE=1 SV=1","Q5R6X7",100173451,"CBX3","Chromobox protein homolog 3","Heterochromatin protein 1 homolog gamma","GO:0000785;GO:0061793;GO:0000779;GO:0000791;GO:0000792;GO:0005635;GO:0005721;GO:0090575;GO:0090734;GO:0005819;GO:1990226;GO:0042802;GO:0019904;GO:0001221;GO:0006974;GO:0031507;GO:0045892;GO:0048511","GO:0006974;GO:0031507;GO:0045892;GO:0048511","GO:0000785;GO:0061793;GO:0000779;GO:0000791;GO:0000792;GO:0005635;GO:0005721;GO:0090575;GO:0090734;GO:0005819","GO:1990226;GO:0042802;GO:0019904;GO:0001221","GO:0006325;GO:0006351;GO:0006355","chromatin organization;DNA-templated transcription;regulation of DNA-templated transcription"
"32","CU686207","PGEN_.00g043220","Scaffold_02:28115269-28146802",84.211,171,27,0,286,456,16715,16545,1.41e-45,187,1,"adductor muscle","(sp:P24733) Myosin heavy chain, striated muscle OS=Aequipecten irradians PE=1 SV=1","P24733",NA,"","Myosin heavy chain striated muscle","Protein soc-2 homolog","GO:0030016;GO:0016459;GO:0032982;GO:0051015;GO:0005524;GO:0005516;GO:0003774","","GO:0030016;GO:0016459;GO:0032982","GO:0051015;GO:0005524;GO:0005516;GO:0003774",NA,NA
"33","AM866384","PGEN_.00g045760","Scaffold_02:35599732-35624307",74.074,135,35,0,3,137,20512,20646,2.79e-15,86.9,4,"","(sp:P49327) Fatty acid synthase OS=Homo sapiens GN=FASN PE=1 SV=3","P12276",NA,"FASN","Acyl-[acyl-carrier-protein] hydrolase","Raf kinase trapping to Golgi","GO:0005737;GO:0008659;GO:0008693;GO:0047451;GO:0004317;GO:0004316;GO:0004315;GO:0004313;GO:0004314;GO:0047117;GO:0004312;GO:0016295;GO:0004320;GO:0016296;GO:0031177;GO:0003697;GO:0006633;GO:0006089;GO:0032100","GO:0006633;GO:0006089;GO:0032100","GO:0005737","GO:0008659;GO:0008693;GO:0047451;GO:0004317;GO:0004316;GO:0004315;GO:0004313;GO:0004314;GO:0047117;GO:0004312;GO:0016295;GO:0004320;GO:0016296;GO:0031177;GO:0003697","GO:0006629","lipid metabolic process"
"34","AM863929","PGEN_.00g129550","Scaffold_06:1691366-1705080",83.784,111,18,0,470,580,3754,3864,1.26e-25,120,2,"","(sp:Q9CUS9) Signal peptide peptidase-like 3 OS=Mus musculus GN=Sppl3 PE=2 SV=2","Q8TCT6;Q3MJ04;Q8TAU4;Q96DD9",121665,"SPPL3","Signal peptide peptidase-like 3","Presenilin-like protein 4","GO:0033116;GO:0005794;GO:0030660;GO:0071458;GO:0071556;GO:0043231;GO:0016020;GO:0005886;GO:0005791;GO:0042500;GO:0042803;GO:0033619;GO:0070886;GO:0007204;GO:0032092;GO:0035307;GO:0006465;GO:0050852","GO:0033619;GO:0070886;GO:0007204;GO:0032092;GO:0035307;GO:0006465;GO:0050852","GO:0033116;GO:0005794;GO:0030660;GO:0071458;GO:0071556;GO:0043231;GO:0016020;GO:0005886;GO:0005791","GO:0042500;GO:0042803","GO:0023052;GO:0051604;GO:0002376;GO:0023052","signaling;protein maturation;immune system process;signaling"
"35","AM856856","PGEN_.00g308040","Scaffold_15:27198371-27207067",75.926,162,39,0,492,653,3860,3699,3.36e-24,117,7,"","(sp:Q8CFP6) DnaJ homolog subfamily C member 27 OS=Mus musculus GN=Dnajc27 PE=2 SV=1","Q6IMM1",402783,"DNAJC27","DnaJ homolog subfamily C member 27","Rab and DnaJ domain-containing protein","GO:0005634;GO:0005525;GO:0003924;GO:0006886;GO:0070374;GO:0071701","GO:0006886;GO:0070374;GO:0071701","GO:0005634","GO:0005525;GO:0003924","GO:0023052;GO:0006886;GO:0006913","signaling;intracellular protein transport;nucleocytoplasmic transport"
"36","BQ427315","PGEN_.00g048930","Scaffold_02:43968614-43990644",78.261,138,30,0,807,944,19318,19455,1.22e-23,114,4,"","(sp:P80467) Alcohol dehydrogenase class-3 OS=Uromastyx hardwickii PE=1 SV=1","P79896",NA,"","Alcohol dehydrogenase class-3","S-(hydroxymethyl)glutathione dehydrogenase","GO:0005737;GO:0004022;GO:0106322;GO:0106321;GO:0008270;GO:0006069","GO:0006069","GO:0005737","GO:0004022;GO:0106322;GO:0106321;GO:0008270","GO:0006091","generation of precursor metabolites and energy"
"37","AM853802","PGEN_.00g285430","Scaffold_14:22842453-22842848",76.042,192,45,1,330,521,108,298,4.6e-30,136,5,"","hypothetical protein IscW_ISCW013676 [Ixodes scapularis]",NA,NA,NA,NA,NA,NA,NA,NA,NA,NA,NA
"38","DV736298","PGEN_.00g224610","Scaffold_10:53761709-53763789",73.497,366,93,4,303,666,1330,967,1.23e-51,209,2,"","(sp:Q9PU85) Serine/threonine-protein kinase Pim-3 OS=Coturnix coturnix japonica GN=PIM3 PE=2 SV=1","Q9PU85",107308404,"PIM3","Serine/threonine-protein kinase pim-3","qpim","GO:0005737;GO:0005524;GO:0106310;GO:0004674;GO:0004712;GO:0043066","GO:0043066","GO:0005737","GO:0005524;GO:0106310;GO:0004674;GO:0004712","GO:0012501","programmed cell death"
"39","FP004345","PGEN_.00g177910","Scaffold_08:26961810-26962778",76.256,219,51,1,147,364,948,730,3.07e-37,158,7,"","(sp:P67963) Casein kinase I isoform alpha OS=Xenopus laevis GN=csnk1a1 PE=2 SV=1","P67962;O57528;P70065;P79789;P79790",395924,"CSNK1A1","Casein kinase I isoform alpha","CK1","GO:0036064;GO:0005737;GO:0000776;GO:0016607;GO:0005634;GO:0005819;GO:0005524;GO:0106310;GO:0004674;GO:0004712;GO:0007049;GO:0051301;GO:0045104;GO:0090090;GO:0018105;GO:0006468;GO:0016055","GO:0007049;GO:0051301;GO:0045104;GO:0090090;GO:0018105;GO:0006468;GO:0016055","GO:0036064;GO:0005737;GO:0000776;GO:0016607;GO:0005634;GO:0005819","GO:0005524;GO:0106310;GO:0004674;GO:0004712","GO:0007010;GO:0023052;GO:0023052","cytoskeleton organization;signaling;signaling"
"40","AM861173","PGEN_.00g236080","Scaffold_11:34078111-34083398",74.815,135,31,1,22,156,168,37,2.19e-16,89.7,3,"","(sp:O43639) Cytoplasmic protein NCK2 OS=Homo sapiens GN=NCK2 PE=1 SV=2","O55033",17974,"Nck2","Cytoplasmic protein NCK2","SH2/SH3 adaptor protein NCK-beta","GO:0005737;GO:0005829;GO:0005783;GO:0014069;GO:0045202;GO:0012506;GO:0001784;GO:0044877;GO:0030971;GO:0097110;GO:0035591;GO:0007015;GO:0016477;GO:0060996;GO:0048013;GO:0001771;GO:0030032;GO:1903912;GO:0033137;GO:1903898;GO:1990441;GO:0030838;GO:1902237;GO:0042102;GO:0045944;GO:0036493;GO:0007165","GO:0007015;GO:0016477;GO:0060996;GO:0048013;GO:0001771;GO:0030032;GO:1903912;GO:0033137;GO:1903898;GO:1990441;GO:0030838;GO:1902237;GO:0042102;GO:0045944;GO:0036493;GO:0007165","GO:0005737;GO:0005829;GO:0005783;GO:0014069;GO:0045202;GO:0012506","GO:0001784;GO:0044877;GO:0030971;GO:0097110;GO:0035591","GO:0007010;GO:0048870;GO:0030154;GO:0048856;GO:0023052;GO:0002376;GO:0023052;GO:0006351;GO:0006355;GO:0007010;GO:0065003;GO:0012501;GO:0023052;GO:0002376;GO:0007155;GO:0006351;GO:0006355;GO:0023052","cytoskeleton organization;cell motility;cell differentiation;anatomical structure development;signaling;immune system process;signaling;DNA-templated transcription;regulation of DNA-templated transcription;cytoskeleton organization;protein-containing complex assembly;programmed cell death;signaling;immune system process;cell adhesion;DNA-templated transcription;regulation of DNA-templated transcription;signaling"
"41","AM867021","PGEN_.00g009880","Scaffold_01:26124057-26180873",72.126,348,91,3,14,361,351,10,1.42e-44,183,6,"","(sp:O09032) ELAV-like protein 4 OS=Rattus norvegicus GN=Elavl4 PE=1 SV=1","Q12926;D3DRK3;Q13235;Q59G15;Q8NEM4;Q9H1Q8",1993,"ELAVL2","ELAV-like protein 2","Nervous system-specific RNA-binding protein Hel-N1","GO:0005654;GO:1990904;GO:0003730;GO:0003723;GO:0006355","GO:0006355","GO:0005654;GO:1990904","GO:0003730;GO:0003723","GO:0006351","DNA-templated transcription"
"42","AM862562","PGEN_.00g240650","Scaffold_11:46767880-46783990",77.523,218,49,0,143,360,7860,8077,2.17e-41,173,9,"","(sp:Q6NX31) DNA replication licensing factor mcm7 OS=Xenopus tropicalis GN=mcm7 PE=2 SV=1","Q6NX31",407945,"mcm7","DNA replication licensing factor mcm7","Minichromosome maintenance protein 7","GO:0000785;GO:0071162;GO:0042555;GO:0005634;GO:0005524;GO:0016887;GO:0003678;GO:0046872;GO:0003697;GO:0007049;GO:0006270;GO:0006271;GO:0006268;GO:0000727;GO:0030174","GO:0007049;GO:0006270;GO:0006271;GO:0006268;GO:0000727;GO:0030174","GO:0000785;GO:0071162;GO:0042555;GO:0005634","GO:0005524;GO:0016887;GO:0003678;GO:0046872;GO:0003697","GO:0006260;GO:0006260;GO:0006260;GO:0006281;GO:0006310;GO:0006260","DNA replication;DNA replication;DNA replication;DNA repair;DNA recombination;DNA replication"
"43","CU992930","PGEN_.00g065390","Scaffold_03:20815602-20822477",83.333,174,29,0,330,503,3331,3158,2.55e-44,184,5,"","(sp:Q9DAK2) Parkin coregulated gene protein homolog OS=Mus musculus GN=Pacrg PE=2 SV=1","Q9DAK2;Q7TPF9;Q8CG20",69310,"Pacrg","Parkin coregulated gene protein homolog","PARK2 coregulated gene protein","GO:0044297;GO:0005929;GO:0005829;GO:0002177;GO:0005739;GO:0043005;GO:0097225;GO:0031982;GO:0003779;GO:0043014;GO:0048487;GO:0051087;GO:0001664;GO:0031072;GO:0030544;GO:0051879;GO:0031625;GO:0034613;GO:0034620;GO:0060548;GO:0007286","GO:0034613;GO:0034620;GO:0060548;GO:0007286","GO:0044297;GO:0005929;GO:0005829;GO:0002177;GO:0005739;GO:0043005;GO:0097225;GO:0031982","GO:0003779;GO:0043014;GO:0048487;GO:0051087;GO:0001664;GO:0031072;GO:0030544;GO:0051879;GO:0031625","GO:0022414;GO:0030154;GO:0048856","reproductive process;cell differentiation;anatomical structure development"
"44","AM869187","PGEN_.00g240650","Scaffold_11:46767880-46783990",76.22,164,39,0,309,472,11417,11580,1.35e-25,121,9,"","(sp:Q91876) DNA replication licensing factor mcm7-A OS=Xenopus laevis GN=mcm7-A PE=1 SV=2","Q6NX31",407945,"mcm7","DNA replication licensing factor mcm7","Minichromosome maintenance protein 7","GO:0000785;GO:0071162;GO:0042555;GO:0005634;GO:0005524;GO:0016887;GO:0003678;GO:0046872;GO:0003697;GO:0007049;GO:0006270;GO:0006271;GO:0006268;GO:0000727;GO:0030174","GO:0007049;GO:0006270;GO:0006271;GO:0006268;GO:0000727;GO:0030174","GO:0000785;GO:0071162;GO:0042555;GO:0005634","GO:0005524;GO:0016887;GO:0003678;GO:0046872;GO:0003697","GO:0006260;GO:0006260;GO:0006260;GO:0006281;GO:0006310;GO:0006260","DNA replication;DNA replication;DNA replication;DNA repair;DNA recombination;DNA replication"
"45","FP001578","PGEN_.00g319680","Scaffold_16:10842975-10864010",76.23,122,28,1,6,127,12556,12676,8.83e-16,86.9,7,"","predicted protein [Nematostella vectensis]",NA,NA,NA,NA,NA,NA,NA,NA,NA,NA,NA
"46","AM867282","PGEN_.00g287710","Scaffold_14:26895199-26903255",74.561,114,29,0,79,192,5925,6038,3.7e-12,76.1,10,"","(sp:P50462) Cysteine and glycine-rich protein 3 OS=Mus musculus GN=Csrp3 PE=2 SV=1","P50461;Q9P131;S4S7M7",8048,"CSRP3","Cysteine and glycine-rich protein 3","Muscle LIM protein","GO:0005737;GO:0005856;GO:0005634;GO:0030018;GO:0003779;GO:0042805;GO:0042802;GO:0046872;GO:0008307;GO:0031433;GO:0030036;GO:0060048;GO:0003300;GO:0048738;GO:0055003;GO:0006874;GO:0035995;GO:0042593;GO:0006954;GO:0008286;GO:0060537;GO:1903919;GO:0045662;GO:1903920;GO:0045663;GO:0045944;GO:0070528;GO:0033365;GO:1903076;GO:0002026;GO:0045214;GO:0007519;GO:0033292","GO:0030036;GO:0060048;GO:0003300;GO:0048738;GO:0055003;GO:0006874;GO:0035995;GO:0042593;GO:0006954;GO:0008286;GO:0060537;GO:1903919;GO:0045662;GO:1903920;GO:0045663;GO:0045944;GO:0070528;GO:0033365;GO:1903076;GO:0002026;GO:0045214;GO:0007519;GO:0033292","GO:0005737;GO:0005856;GO:0005634;GO:0030018","GO:0003779;GO:0042805;GO:0042802;GO:0046872;GO:0008307;GO:0031433","GO:0007010;GO:0003012;GO:0003013;GO:0003012;GO:0048856;GO:0007010;GO:0030154;GO:0048856;GO:0023052;GO:0048856;GO:0030154;GO:0048856;GO:0030154;GO:0048856;GO:0006351;GO:0006355;GO:0023052;GO:0072659;GO:0003013;GO:0007010;GO:0030154;GO:0048856;GO:0048856;GO:0030154;GO:0048856;GO:0061024","cytoskeleton organization;muscle system process;circulatory system process;muscle system process;anatomical structure development;cytoskeleton organization;cell differentiation;anatomical structure development;signaling;anatomical structure development;cell differentiation;anatomical structure development;cell differentiation;anatomical structure development;DNA-templated transcription;regulation of DNA-templated transcription;signaling;protein localization to plasma membrane;circulatory system process;cytoskeleton organization;cell differentiation;anatomical structure development;anatomical structure development;cell differentiation;anatomical structure development;membrane organization"
"47","AM863869","PGEN_.00g042700","Scaffold_02:26700167-26747288",71.901,242,64,3,263,502,2724,2963,1.26e-25,121,7,"","(sp:P52429) Diacylglycerol kinase epsilon OS=Homo sapiens GN=DGKE PE=1 SV=1","P52429;Q8TBM4;Q9UKQ3",8526,"DGKE","Diacylglycerol kinase epsilon","Diglyceride kinase epsilon","GO:0005737;GO:0005829;GO:0098978;GO:0016021;GO:0016020;GO:0005654;GO:0005886;GO:0005524;GO:0004143;GO:0016301;GO:0046872;GO:0003951;GO:0046339;GO:0035556;GO:0046834;GO:0050804;GO:0006654;GO:0006661;GO:0030168;GO:0007205","GO:0046339;GO:0035556;GO:0046834;GO:0050804;GO:0006654;GO:0006661;GO:0030168;GO:0007205","GO:0005737;GO:0005829;GO:0098978;GO:0016021;GO:0016020;GO:0005654;GO:0005886","GO:0005524;GO:0004143;GO:0016301;GO:0046872;GO:0003951","GO:0006629;GO:0023052;GO:0006629;GO:0023052;GO:0006629;GO:0006629;GO:0042060;GO:0023052","lipid metabolic process;signaling;lipid metabolic process;signaling;lipid metabolic process;lipid metabolic process;wound healing;signaling"
"48","ES789800","PGEN_.00g329050","Scaffold_17:5042145-5089921",81.579,76,14,0,64,139,44435,44360,3.96e-12,75.2,5,"","(sp:Q5T2S8) Armadillo repeat-containing protein 4 OS=Homo sapiens GN=ARMC4 PE=2 SV=1","B2RY50;Q9CUL6",NA,"Odad2","Outer dynein arm-docking complex subunit 2","Armadillo repeat-containing protein 4","GO:0005930;GO:0097546;GO:0003341;GO:0007368;GO:0007507;GO:0036158;GO:0003356;GO:0021591","GO:0003341;GO:0007368;GO:0007507;GO:0036158;GO:0003356;GO:0021591","GO:0005930;GO:0097546","","GO:0007018;GO:0048856;GO:0048856;GO:0007010;GO:0044782;GO:0065003;GO:0007018;GO:0048856","microtubule-based movement;anatomical structure development;anatomical structure development;cytoskeleton organization;cilium organization;protein-containing complex assembly;microtubule-based movement;anatomical structure development"
"49","EW778926","PGEN_.00g273280","Scaffold_13:37203826-37211766",78.505,107,22,1,748,853,148,42,3.89e-15,86.9,6,"","(sp:P79145) cAMP-responsive element modulator OS=Canis familiaris GN=CREM PE=2 SV=2","P79145",403887,"CREM","cAMP-responsive element modulator","Oleamide hydrolase 1","GO:1990589;GO:0005667;GO:0000981;GO:0001227;GO:0000978;GO:0006357","GO:0006357","GO:1990589;GO:0005667","GO:0000981;GO:0001227;GO:0000978","GO:0006351;GO:0006355","DNA-templated transcription;regulation of DNA-templated transcription"
"50","AM861833","PGEN_.00g326280","Scaffold_16:29057382-29064061",75,152,38,0,548,699,5099,5250,1.44e-20,104,3,"female gonad","(sp:O12947) Protein-S-isoprenylcysteine O-methyltransferase OS=Xenopus laevis GN=icmt PE=2 SV=1","O12947",397717,"icmt","Protein-S-isoprenylcysteine O-methyltransferase","Prenylcysteine carboxyl methyltransferase","GO:0005789;GO:0016021;GO:0004671","","GO:0005789;GO:0016021","GO:0004671",NA,NA
"51","ES789154","PGEN_.00g044320","Scaffold_02:31335417-31352689",79.775,89,18,0,171,259,8625,8537,8.91e-14,80.6,3,"","(sp:Q5R8K4) Zinc finger protein 207 OS=Pongo abelii GN=ZNF207 PE=2 SV=1","Q7ZXV8",380016,"znf207","BUB3-interacting and GLEBS motif-containing protein ZNF207","Zinc finger protein 207","GO:0005737;GO:0000776;GO:0005874;GO:0005634;GO:0005819;GO:1990047;GO:0046872;GO:0008017;GO:0008608;GO:0051301;GO:0001578;GO:0046785;GO:0000070;GO:0090307;GO:0007094;GO:0050821;GO:0051983","GO:0008608;GO:0051301;GO:0001578;GO:0046785;GO:0000070;GO:0090307;GO:0007094;GO:0050821;GO:0051983","GO:0005737;GO:0000776;GO:0005874;GO:0005634;GO:0005819;GO:1990047","GO:0046872;GO:0008017","GO:0007059;GO:0007010;GO:0007010;GO:0065003;GO:0000278;GO:0007059;GO:0140014;GO:0000278;GO:0007010;GO:0140014;GO:0000278;GO:0007059;GO:0023052;GO:0140014;GO:0007059","chromosome segregation;cytoskeleton organization;cytoskeleton organization;protein-containing complex assembly;mitotic cell cycle;chromosome segregation;mitotic nuclear division;mitotic cell cycle;cytoskeleton organization;mitotic nuclear division;mitotic cell cycle;chromosome segregation;signaling;mitotic nuclear division;chromosome segregation"
"52","AM864745","PGEN_.00g178960","Scaffold_08:29276325-29285641",77.564,156,35,0,431,586,4792,4947,1.06e-26,124,7,"","GK24680 [Drosophila willistoni]","Q94F47;Q9SH72",842728,"UBC28","Ubiquitin-conjugating enzyme E2 28","Ubiquitin carrier protein 28","GO:0005634;GO:0005524;GO:0061631;GO:0000209;GO:0006511","GO:0000209;GO:0006511","GO:0005634","GO:0005524;GO:0061631","GO:0030163","protein catabolic process"
"53","FP011152","PGEN_.00g099330","Scaffold_04:54311070-54323407",79.699,133,23,2,100,231,10920,10791,3.38e-23,113,9,"female gonad","(sp:P61959) Small ubiquitin-related modifier 2 OS=Rattus norvegicus GN=Sumo2 PE=1 SV=1","Q17QV3",617236,"SUMO3","Small ubiquitin-related modifier 3","Asparaginyl-tRNA synthetase","GO:0005737;GO:0005634;GO:0016605;GO:0031386;GO:0044389;GO:0043392;GO:0016925;GO:1900180","GO:0043392;GO:0016925;GO:1900180","GO:0005737;GO:0005634;GO:0016605","GO:0031386;GO:0044389",NA,NA
"54","CU989416","PGEN_.00g282870","Scaffold_14:16048431-16060704",71.098,173,50,0,87,259,1623,1451,1.13e-15,87.8,5,"","PREDICTED: hypothetical protein [Strongylocentrotus purpuratus]","Q0VFN8",780234,"cfap157","Cilia- and flagella-associated protein 157","Testosterone 17-beta-dehydrogenase 8","GO:0036064;GO:0005737;GO:0008017;GO:0007288","GO:0007288","GO:0036064;GO:0005737","GO:0008017","GO:0007010;GO:0007018;GO:0022414;GO:0030154;GO:0044782;GO:0048856;GO:0048870","cytoskeleton organization;microtubule-based movement;reproductive process;cell differentiation;cilium organization;anatomical structure development;cell motility"
"55","AJ130967","PGEN_.00g023690","Scaffold_01:65255139-65258219",64.185,712,195,18,677,1337,704,2,2.26e-21,108,1,"","(sp:P12643) Bone morphogenetic protein 2 OS=Homo sapiens GN=BMP2 PE=1 SV=1","Q90751",NA,"BMP2","Bone morphogenetic protein 2","Mitochondrial outer membrane protein 25","GO:0005615;GO:0070700;GO:0005125;GO:0008083;GO:0030509;GO:0060317;GO:0051216;GO:0000122;GO:0001503;GO:0010718;GO:0010862;GO:0060395","GO:0030509;GO:0060317;GO:0051216;GO:0000122;GO:0001503;GO:0010718;GO:0010862;GO:0060395","GO:0005615","GO:0070700;GO:0005125;GO:0008083","GO:0023052;GO:0030154;GO:0048856;GO:0048856;GO:0006351;GO:0006355;GO:0030154;GO:0048856;GO:0023052;GO:0023052","signaling;cell differentiation;anatomical structure development;anatomical structure development;DNA-templated transcription;regulation of DNA-templated transcription;cell differentiation;anatomical structure development;signaling;signaling"
"56","AM864470","PGEN_.00g048980","Scaffold_02:44067651-44112075",69.898,196,59,0,191,386,267,462,6.2e-16,88.7,2,"female gonad","(sp:Q6ZVD7) Storkhead-box protein 1 OS=Homo sapiens GN=STOX1 PE=1 SV=2","Q6ZVD7;A2A3Q9;A5D6Y7;B0QZA4;B0QZA5;B0QZA6;Q4F8Q6;Q5I946;Q5I947Q5I948;Q5VX38;Q5VX39;Q6ZRY3;Q96LR3;Q96LS0",219736,"STOX1","Storkhead-box protein 1","Winged-helix domain-containing protein","GO:0005938;GO:0005813;GO:0005737;GO:0005829;GO:0001650;GO:0005654;GO:0005634;GO:0001228;GO:0000977;GO:0007049;GO:0051301;GO:0071500;GO:0048839;GO:0010629;GO:0008284;GO:1904031;GO:0050679;GO:0010971;GO:0010628;GO:1904120;GO:0033138;GO:0010800;GO:0051897;GO:0045944;GO:0010468;GO:1901858;GO:0051881;GO:0010821;GO:1902882;GO:0061418","GO:0007049;GO:0051301;GO:0071500;GO:0048839;GO:0010629;GO:0008284;GO:1904031;GO:0050679;GO:0010971;GO:0010628;GO:1904120;GO:0033138;GO:0010800;GO:0051897;GO:0045944;GO:0010468;GO:1901858;GO:0051881;GO:0010821;GO:1902882;GO:0061418","GO:0005938;GO:0005813;GO:0005737;GO:0005829;GO:0001650;GO:0005654;GO:0005634","GO:0001228;GO:0000977","GO:0048856;GO:0000278;GO:0048856;GO:0023052;GO:0006351;GO:0006355;GO:0007005;GO:0007005;GO:0006351;GO:0006355","anatomical structure development;mitotic cell cycle;anatomical structure development;signaling;DNA-templated transcription;regulation of DNA-templated transcription;mitochondrion organization;mitochondrion organization;DNA-templated transcription;regulation of DNA-templated transcription"
"57","CU993043","PGEN_.00g206700","Scaffold_10:7183927-7213674",72.619,168,46,0,353,520,29568,29735,2.13e-18,96.9,1,"","(sp:P64922) Uncharacterized protein Mb2028c OS=Mycobacterium bovis GN=Mb2028c PE=4 SV=1","Q57951",NA,"","Universal stress protein MJ0531","Phosphatidylcholine 2-acylhydrolase","","","","",NA,NA
"58","FD483996","PGEN_.00g211500","Scaffold_10:19621566-19641266",79.464,112,23,0,24,135,16366,16255,2.3e-19,99.6,5,"","(sp:Q494V2) Coiled-coil domain-containing protein 37 OS=Homo sapiens GN=CCDC37 PE=1 SV=1","Q80VN0;E9PYA2;Q6AXD6",243538,"Cfap100","Cilia- and flagella-associated protein 100","Coiled-coil domain-containing protein 37","GO:0097545;GO:0036064;GO:0031514;GO:0070840;GO:0003341;GO:0036159","GO:0003341;GO:0036159","GO:0097545;GO:0036064;GO:0031514","GO:0070840","GO:0007018;GO:0007010;GO:0044782;GO:0065003","microtubule-based movement;cytoskeleton organization;cilium organization;protein-containing complex assembly"
"59","EW777683","PGEN_.00g009370","Scaffold_01:24514101-24564329",70.32,219,54,6,290,504,50017,50228,5.54e-15,86,2,"","(sp:Q00944) Focal adhesion kinase 1 OS=Gallus gallus GN=PTK2 PE=1 SV=2","O35346;Q62900",25614,"Ptk2","Focal adhesion kinase 1","pp125FAK","GO:0016324;GO:0016323;GO:0036064;GO:0005737;GO:0005829;GO:0043197;GO:0031234;GO:0005925;GO:0098978;GO:0014704;GO:0030027;GO:0016604;GO:0005730;GO:0005634;GO:0048471;GO:0005886;GO:0098794;GO:0042383;GO:0001725;GO:0003779;GO:0005524;GO:0042802;GO:0005178;GO:0008432;GO:0004715;GO:0019902;GO:0043548;GO:0019901;GO:0019903;GO:0004712;GO:0004713;GO:0044877;GO:0042169;GO:0005102;GO:0001525;GO:0001568;GO:0030154;GO:0016477;GO:0030644;GO:0071560;GO:0021955;GO:0043542;GO:0048013;GO:0007173;GO:0030198;GO:0045444;GO:0060396;GO:0045087;GO:0007229;GO:0007254;GO:0000165;GO:0000226;GO:2000811;GO:0043066;GO:0010507;GO:0050771;GO:0030336;GO:0022408;GO:0046621;GO:0051964;GO:0001764;GO:0007097;GO:0038083;GO:0018108;GO:0010613;GO:0045785;GO:0030307;GO:0030335;GO:0008284;GO:0010763;GO:0060252;GO:0010759;GO:0120041;GO:0050766;GO:0014068;GO:0045860;GO:0051897;GO:0001934;GO:0014911;GO:0048661;GO:0050806;GO:2000060;GO:0090303;GO:0046777;GO:0006468;GO:0030155;GO:0033628;GO:0042127;GO:0008360;GO:0010632;GO:0051893;GO:0045667;GO:0001932;GO:1900024;GO:0046685;GO:0032355;GO:0009749;GO:0009612;GO:0014070;GO:0010033;GO:0010243;GO:0009410;GO:0007172;GO:0007179;GO:0007169;GO:0001570;GO:0042311","GO:0001525;GO:0001568;GO:0030154;GO:0016477;GO:0030644;GO:0071560;GO:0021955;GO:0043542;GO:0048013;GO:0007173;GO:0030198;GO:0045444;GO:0060396;GO:0045087;GO:0007229;GO:0007254;GO:0000165;GO:0000226;GO:2000811;GO:0043066;GO:0010507;GO:0050771;GO:0030336;GO:0022408;GO:0046621;GO:0051964;GO:0001764;GO:0007097;GO:0038083;GO:0018108;GO:0010613;GO:0045785;GO:0030307;GO:0030335;GO:0008284;GO:0010763;GO:0060252;GO:0010759;GO:0120041;GO:0050766;GO:0014068;GO:0045860;GO:0051897;GO:0001934;GO:0014911;GO:0048661;GO:0050806;GO:2000060;GO:0090303;GO:0046777;GO:0006468;GO:0030155;GO:0033628;GO:0042127;GO:0008360;GO:0010632;GO:0051893;GO:0045667;GO:0001932;GO:1900024;GO:0046685;GO:0032355;GO:0009749;GO:0009612;GO:0014070;GO:0010033;GO:0010243;GO:0009410;GO:0007172;GO:0007179;GO:0007169;GO:0001570;GO:0042311","GO:0016324;GO:0016323;GO:0036064;GO:0005737;GO:0005829;GO:0043197;GO:0031234;GO:0005925;GO:0098978;GO:0014704;GO:0030027;GO:0016604;GO:0005730;GO:0005634;GO:0048471;GO:0005886;GO:0098794;GO:0042383;GO:0001725","GO:0003779;GO:0005524;GO:0042802;GO:0005178;GO:0008432;GO:0004715;GO:0019902;GO:0043548;GO:0019901;GO:0019903;GO:0004712;GO:0004713;GO:0044877;GO:0042169;GO:0005102","GO:0048856;GO:0048856;GO:0048870;GO:0030154;GO:0048856;GO:0048870;GO:0023052;GO:0023052;GO:0030154;GO:0023052;GO:0002376;GO:0098542;GO:0023052;GO:0023052;GO:0023052;GO:0007010;GO:0012501;GO:0012501;GO:0006914;GO:0030154;GO:0048856;GO:0048870;GO:0007155;GO:0034330;GO:0048856;GO:0030154;GO:0048856;GO:0048870;GO:0003012;GO:0007155;GO:0048870;GO:0048870;GO:0030154;GO:0048856;GO:0002376;GO:0048870;GO:0016192;GO:0023052;GO:0023052;GO:0048870;GO:0023052;GO:0030163;GO:0042060;GO:0007155;GO:0007155;GO:0048856;GO:0048870;GO:0007155;GO:0034330;GO:0030154;GO:0007155;GO:0030154;GO:0048856;GO:0023052;GO:0065003;GO:0023052;GO:0023052;GO:0030154;GO:0048856;GO:0003013","anatomical structure development;anatomical structure development;cell motility;cell differentiation;anatomical structure development;cell motility;signaling;signaling;cell differentiation;signaling;immune system process;defense response to other organism;signaling;signaling;signaling;cytoskeleton organization;programmed cell death;programmed cell death;autophagy;cell differentiation;anatomical structure development;cell motility;cell adhesion;cell junction organization;anatomical structure development;cell differentiation;anatomical structure development;cell motility;muscle system process;cell adhesion;cell motility;cell motility;cell differentiation;anatomical structure development;immune system process;cell motility;vesicle-mediated transport;signaling;signaling;cell motility;signaling;protein catabolic process;wound healing;cell adhesion;cell adhesion;anatomical structure development;cell motility;cell adhesion;cell junction organization;cell differentiation;cell adhesion;cell differentiation;anatomical structure development;signaling;protein-containing complex assembly;signaling;signaling;cell differentiation;anatomical structure development;circulatory system process"
"60","CU997418","PGEN_.00g037070","Scaffold_02:10282815-10306474",83.673,98,16,0,46,143,175,78,4.31e-21,105,3,"female gonad","(sp:Q5ZIE8) Activating transcription factor 7-interacting protein 1 OS=Gallus gallus GN=ATF7IP PE=2 SV=1","Q5ZIE8",417966,"ATF7IP","Activating transcription factor 7-interacting protein 1","MBD1-containing chromatin-associated factor 1","GO:0005634;GO:0005667;GO:0003712;GO:0090309;GO:0050821;GO:0031647;GO:0006355","GO:0090309;GO:0050821;GO:0031647;GO:0006355","GO:0005634;GO:0005667","GO:0003712","GO:0006325;GO:0006351","chromatin organization;DNA-templated transcription"
"61","CU997354","PGEN_.00g333980","Scaffold_17:20403964-20404296",68.254,315,92,3,15,325,332,22,8.07e-23,112,10,"","predicted protein [Nematostella vectensis]","P0CW97;Q3E8N9",833517,"PCR3","Protein PLANT CADMIUM RESISTANCE 3","Histone-arginine N-methyltransferase PRMT2","GO:0016021","","GO:0016021","",NA,NA
"62","BQ427163","PGEN_.00g040150","Scaffold_02:19277062-19281162",88.095,126,15,0,260,385,1724,1849,1.99e-37,160,8,"","(sp:Q5BJ65) Histone H2A.V OS=Xenopus tropicalis GN=h2afv PE=2 SV=3","P08991",NA,"H2A.F/Z","Histone H2A.V","H2A.F/Z","GO:0000786;GO:0005634;GO:0003677;GO:0046982;GO:0031507","GO:0031507","GO:0000786;GO:0005634","GO:0003677;GO:0046982","GO:0006325","chromatin organization"
"63","AM855576","PGEN_.00g045840","Scaffold_02:35847362-35875262",80,95,19,0,290,384,10586,10492,3.01e-15,86.9,2,"","(sp:Q9XZV3) Guanine nucleotide-binding protein G(o) subunit alpha OS=Geodia cydonium PE=2 SV=3","Q9XZV3",NA,"","Guanine nucleotide-binding protein G(o) subunit alpha","Transient receptor protein 3","GO:0031683;GO:0005525;GO:0003924;GO:0046872;GO:0007186","GO:0007186","","GO:0031683;GO:0005525;GO:0003924;GO:0046872","GO:0023052","signaling"
"64","AM857000","PGEN_.00g169790","Scaffold_08:4120211-4182838",78.947,95,20,0,189,283,2864,2770,4.5e-14,82.4,2,"","(sp:Q1LYM3) Protein spire homolog 1 OS=Danio rerio GN=spire1 PE=2 SV=1",NA,NA,NA,NA,NA,NA,NA,NA,NA,NA,NA
"65","CU685661","PGEN_.00g012180","Scaffold_01:31723848-31756209",66.755,379,123,3,13,390,16670,17046,2.34e-21,105,9,"female gonad","(sp:Q6P4F7) Rho GTPase-activating protein 11A OS=Homo sapiens GN=ARHGAP11A PE=1 SV=2","Q6P4F7;B4DZN9;Q6PI96;Q9Y3S6",9824,"ARHGAP11A","Rho GTPase-activating protein 11A","Rho-type GTPase-activating protein 11A","GO:0005829;GO:0005634;GO:0005096;GO:0043547;GO:0051056;GO:0007165","GO:0043547;GO:0051056;GO:0007165","GO:0005829;GO:0005634","GO:0005096","GO:0023052;GO:0023052","signaling;signaling"
"66","CU994336","PGEN_.00g175660","Scaffold_08:20500779-20535991",71.429,161,46,0,166,326,3657,3817,2.17e-14,84.2,5,"","(sp:Q9BZ19) Ankyrin repeat domain-containing protein 60 OS=Homo sapiens GN=ANKRD60 PE=2 SV=3","Q9BZ19;Q4VXE6",140731,"ANKRD60","Ankyrin repeat domain-containing protein 60","NADH-ubiquinone oxidoreductase 24 kDa subunit","","","","",NA,NA
"67","FP006096","PGEN_.00g170870","Scaffold_08:7145219-7156062",80,95,19,0,5,99,7628,7534,7.84e-16,86.9,1,"","0","Q9UII5",51427,"ZNF107","Zinc finger protein 107","Zinc finger protein ZFD25","GO:0005634;GO:0001228;GO:0046872;GO:0000978;GO:0006357","GO:0006357","GO:0005634","GO:0001228;GO:0046872;GO:0000978","GO:0006351;GO:0006355","DNA-templated transcription;regulation of DNA-templated transcription"
"68","AJ535669","PGEN_.00g005550","Scaffold_01:14067455-14092824",75.926,108,20,2,1403,1507,23987,23883,2.03e-11,75.2,2,"","(sp:Q25410) Putative molluscan insulin-related peptide(s) receptor OS=Lymnaea stagnalis PE=2 SV=1","F1N9Y5;Q5ZJ91",427272,"SYK","Tyrosine-protein kinase SYK","TGGCA-binding protein","GO:0005829;GO:0032009;GO:0031234;GO:0005886;GO:0005524;GO:0004715;GO:0004712;GO:0004713;GO:0005102;GO:0002250;GO:0050853;GO:0048514;GO:0030154;GO:0070301;GO:0071226;GO:0042742;GO:0045087;GO:0007229;GO:0035556;GO:0002366;GO:0007159;GO:0001945;GO:0002281;GO:0002283;GO:0030593;GO:0018108;GO:0046641;GO:0045579;GO:0045780;GO:0033630;GO:0043306;GO:0090237;GO:0070372;GO:0043313;GO:0050764;GO:0010543;GO:0090330;GO:0032928;GO:0002554;GO:0007169","GO:0002250;GO:0050853;GO:0048514;GO:0030154;GO:0070301;GO:0071226;GO:0042742;GO:0045087;GO:0007229;GO:0035556;GO:0002366;GO:0007159;GO:0001945;GO:0002281;GO:0002283;GO:0030593;GO:0018108;GO:0046641;GO:0045579;GO:0045780;GO:0033630;GO:0043306;GO:0090237;GO:0070372;GO:0043313;GO:0050764;GO:0010543;GO:0090330;GO:0032928;GO:0002554;GO:0007169","GO:0005829;GO:0032009;GO:0031234;GO:0005886","GO:0005524;GO:0004715;GO:0004712;GO:0004713;GO:0005102","GO:0002376;GO:0002376;GO:0023052;GO:0048856;GO:0098542;GO:0002376;GO:0098542;GO:0023052;GO:0023052;GO:0002376;GO:0007155;GO:0048856;GO:0002376;GO:0002376;GO:0002376;GO:0048870;GO:0002376;GO:0007155;GO:0002376;GO:0030154;GO:0048856;GO:0007155;GO:0002376;GO:0016192;GO:0023052;GO:0002376;GO:0016192;GO:0016192;GO:0042060;GO:0007155;GO:0042060;GO:0006954;GO:0016192;GO:0023052;GO:0023052","immune system process;immune system process;signaling;anatomical structure development;defense response to other organism;immune system process;defense response to other organism;signaling;signaling;immune system process;cell adhesion;anatomical structure development;immune system process;immune system process;immune system process;cell motility;immune system process;cell adhesion;immune system process;cell differentiation;anatomical structure development;cell adhesion;immune system process;vesicle-mediated transport;signaling;immune system process;vesicle-mediated transport;vesicle-mediated transport;wound healing;cell adhesion;wound healing;inflammatory response;vesicle-mediated transport;signaling;signaling"
"69","FP008324","PGEN_.00g056160","Scaffold_02:64260859-64273671",76.271,177,42,0,361,537,2713,2537,1.26e-28,131,2,"","(sp:Q92038) Acyl-CoA desaturase OS=Cyprinus carpio PE=2 SV=2","Q92038",NA,"","Acyl-CoA desaturase","Stearoyl-CoA desaturase","GO:0005789;GO:0016021;GO:0005506;GO:0016491;GO:0004768;GO:0006636","GO:0006636","GO:0005789;GO:0016021","GO:0005506;GO:0016491;GO:0004768","GO:0006629","lipid metabolic process"
"70","CU994694","PGEN_.00g104530","Scaffold_05:2152781-2153362",72.626,179,45,2,425,601,318,494,3.18e-18,97.8,4,"","(sp:P60323) Nanos homolog 3 OS=Homo sapiens GN=NANOS3 PE=2 SV=1","Q8WY41",340719,"NANOS1","Nanos homolog 1","EC_Rep1a","GO:0005737;GO:0048471;GO:0003729;GO:0030371;GO:0008270;GO:0016477;GO:0098749;GO:0010631;GO:0017148;GO:0048477;GO:1900153;GO:0010608;GO:0001558;GO:0001894","GO:0016477;GO:0098749;GO:0010631;GO:0017148;GO:0048477;GO:1900153;GO:0010608;GO:0001558;GO:0001894","GO:0005737;GO:0048471","GO:0003729;GO:0030371;GO:0008270","GO:0048870;GO:0030154;GO:0048856;GO:0048870;GO:0022414;GO:0030154;GO:0048856;GO:0016071","cell motility;cell differentiation;anatomical structure development;cell motility;reproductive process;cell differentiation;anatomical structure development;mRNA metabolic process"
"71","CU998140","PGEN_.00g275080","Scaffold_13:42455843-42493552",86.842,76,8,1,729,804,36028,35955,4.46e-16,90.6,2,"","0","Q92551;A8K157;A8MUX4;Q7L3I7;Q96E38",9807,"IP6K1","Inositol hexakisphosphate kinase 1","Inositol hexaphosphate kinase 1","GO:0005737;GO:0005829;GO:0001650;GO:0005654;GO:0005634;GO:0005524;GO:0052836;GO:0052839;GO:0000829;GO:0052723;GO:0052724;GO:0000832;GO:0000828;GO:0000827;GO:0016301;GO:0032958;GO:0043647;GO:0120163;GO:0046854","GO:0032958;GO:0043647;GO:0120163;GO:0046854","GO:0005737;GO:0005829;GO:0001650;GO:0005654;GO:0005634","GO:0005524;GO:0052836;GO:0052839;GO:0000829;GO:0052723;GO:0052724;GO:0000832;GO:0000828;GO:0000827;GO:0016301","GO:0006629","lipid metabolic process"
"72","AM861820","PGEN_.00g257480","Scaffold_12:44369237-44432127",73.184,179,48,0,451,629,15737,15559,8.69e-22,107,2,"","(sp:P43249) G protein-coupled receptor kinase 5 OS=Bos taurus GN=GRK5 PE=2 SV=1","P43249",281801,"GRK5","G protein-coupled receptor kinase 5","G protein-coupled receptor kinase GRK5","GO:0005737;GO:0005829;GO:0031965;GO:0016607;GO:0005886;GO:0005524;GO:0047696;GO:0004703;GO:0008289;GO:0004672;GO:0004674;GO:0006915;GO:0043066;GO:0008284;GO:0046777;GO:0006468;GO:0051726;GO:0009966;GO:0007217;GO:0016055","GO:0006915;GO:0043066;GO:0008284;GO:0046777;GO:0006468;GO:0051726;GO:0009966;GO:0007217;GO:0016055","GO:0005737;GO:0005829;GO:0031965;GO:0016607;GO:0005886","GO:0005524;GO:0047696;GO:0004703;GO:0008289;GO:0004672;GO:0004674","GO:0012501;GO:0012501;GO:0023052;GO:0023052;GO:0023052","programmed cell death;programmed cell death;signaling;signaling;signaling"
"73","AM865393","PGEN_.00g228470","Scaffold_11:11459108-11462721",72.71,535,146,0,53,587,3573,3039,4.94e-82,307,3,"","(sp:B4HQ29) F-box/SPRY domain-containing protein 1 OS=Drosophila sechellia GN=Fsn PE=3 SV=1","B4J6Q0",6561060,"Fsn","F-box/SPRY domain-containing protein 1","Secretory blood group protein 1","GO:0005938;GO:0031594;GO:0005634;GO:0045495;GO:0019005;GO:0010629;GO:0045886;GO:0007399;GO:0007274;GO:0045732;GO:0016567","GO:0010629;GO:0045886;GO:0007399;GO:0007274;GO:0045732;GO:0016567","GO:0005938;GO:0031594;GO:0005634;GO:0045495;GO:0019005","","GO:0034330;GO:0048856;GO:0048856;GO:0023052;GO:0030163","cell junction organization;anatomical structure development;anatomical structure development;signaling;protein catabolic process"
"74","AM861216","PGEN_.00g330590","Scaffold_17:10040950-10047827",81.081,111,21,0,143,253,6712,6822,3.28e-21,106,3,"","(sp:Q9I9M5) Frizzled-1 OS=Xenopus laevis GN=fzd1 PE=2 SV=1","O70421;O08974;Q7TS82",14362,"Fzd1","Frizzled-1","Proliferation-associated SNF2-like protein","GO:0009986;GO:0016021;GO:0043005;GO:0005886;GO:0005109;GO:0004930;GO:0042802;GO:0030165;GO:0046982;GO:0042803;GO:0005102;GO:0042813;GO:0017147;GO:0036520;GO:0035425;GO:0060070;GO:0044338;GO:0044339;GO:0007267;GO:0030855;GO:0060022;GO:0003149;GO:0003150;GO:0030514;GO:0090090;GO:1903204;GO:0045892;GO:0003151;GO:0090179;GO:0051091;GO:0010976;GO:0001934;GO:0045893;GO:1905606;GO:0009410;GO:0060412;GO:0016055","GO:0036520;GO:0035425;GO:0060070;GO:0044338;GO:0044339;GO:0007267;GO:0030855;GO:0060022;GO:0003149;GO:0003150;GO:0030514;GO:0090090;GO:1903204;GO:0045892;GO:0003151;GO:0090179;GO:0051091;GO:0010976;GO:0001934;GO:0045893;GO:1905606;GO:0009410;GO:0060412;GO:0016055","GO:0009986;GO:0016021;GO:0043005;GO:0005886","GO:0005109;GO:0004930;GO:0042802;GO:0030165;GO:0046982;GO:0042803;GO:0005102;GO:0042813;GO:0017147","GO:0023052;GO:0023052;GO:0023052;GO:0023052;GO:0030154;GO:0023052;GO:0030154;GO:0023052;GO:0030154;GO:0048856;GO:0048856;GO:0048856;GO:0048856;GO:0023052;GO:0023052;GO:0006351;GO:0006355;GO:0048856;GO:0023052;GO:0048856;GO:0006351;GO:0006355;GO:0030154;GO:0048856;GO:0006351;GO:0006355;GO:0034330;GO:0048856;GO:0048856;GO:0023052","signaling;signaling;signaling;signaling;cell differentiation;signaling;cell differentiation;signaling;cell differentiation;anatomical structure development;anatomical structure development;anatomical structure development;anatomical structure development;signaling;signaling;DNA-templated transcription;regulation of DNA-templated transcription;anatomical structure development;signaling;anatomical structure development;DNA-templated transcription;regulation of DNA-templated transcription;cell differentiation;anatomical structure development;DNA-templated transcription;regulation of DNA-templated transcription;cell junction organization;anatomical structure development;anatomical structure development;signaling"
