,Genebank,gene,e-value,Cluster,Tissue.specificity,gene_name,Description,accessions,gene_id,gene_description,alt_gene_description,all_GO_ids,BP_GO_ids,CC_GO_ids,MF_GO_ids,GOslim,Term,Term_unique,GOslim_unique
19,AM854780,PGEN_.00g033280,6.68E-24,1,adductor muscle,,(sp:P62155) Calmodulin OS=Xenopus laevis GN=calm1 PE=1 SV=2,P62146;P02593;P70667;P99014;Q61379;Q61380,NA,Calmodulin-alpha,Spermidine aminopropyltransferase,GO:0005509,,,GO:0005509,NA,NA,NA,NA
25,CU683452,PGEN_.00g043220,1.03E-44,1,adductor muscle,,"(sp:P24733) Myosin heavy chain, striated muscle OS=Aequipecten irradians PE=1 SV=1",P24733,NA,Myosin heavy chain striated muscle,Protein soc-2 homolog,GO:0030016;GO:0016459;GO:0032982;GO:0051015;GO:0005524;GO:0005516;GO:0003774,,GO:0030016;GO:0016459;GO:0032982,GO:0051015;GO:0005524;GO:0005516;GO:0003774,NA,NA,NA,NA
26,FP002471,PGEN_.00g329120,2.72E-11,1,,Ttn,(sp:Q8WZ42) Titin OS=Homo sapiens GN=TTN PE=1 SV=2,A2ASS6;A2ASS5;A2ASS7,NA,Titin,Connectin,GO:0031672;GO:0000794;GO:0031674;GO:0031430;GO:0005859;GO:0030017;GO:0005865;GO:0030018;GO:0051015;GO:0042805;GO:0030506;GO:0005524;GO:0005509;GO:0005516;GO:0019899;GO:0042802;GO:0051371;GO:0002020;GO:0019901;GO:0043621;GO:0106310;GO:0004674;GO:0004712;GO:0004713;GO:0005200;GO:0008307;GO:0097493;GO:0031433;GO:0007512;GO:0055013;GO:0060048;GO:0003300;GO:0055008;GO:0055003;GO:0035995;GO:0043056;GO:0007507;GO:0060419;GO:0003007;GO:0001701;GO:0006936;GO:0010628;GO:0050714;GO:0010737;GO:0050790;GO:0045859;GO:1901897;GO:0051592;GO:0045214;GO:0048769;GO:0030241;GO:0030240;GO:0001756;GO:0055002;GO:0021591,GO:0007512;GO:0055013;GO:0060048;GO:0003300;GO:0055008;GO:0055003;GO:0035995;GO:0043056;GO:0007507;GO:0060419;GO:0003007;GO:0001701;GO:0006936;GO:0010628;GO:0050714;GO:0010737;GO:0050790;GO:0045859;GO:1901897;GO:0051592;GO:0045214;GO:0048769;GO:0030241;GO:0030240;GO:0001756;GO:0055002;GO:0021591,GO:0031672;GO:0000794;GO:0031674;GO:0031430;GO:0005859;GO:0030017;GO:0005865;GO:0030018,GO:0051015;GO:0042805;GO:0030506;GO:0005524;GO:0005509;GO:0005516;GO:0019899;GO:0042802;GO:0051371;GO:0002020;GO:0019901;GO:0043621;GO:0106310;GO:0004674;GO:0004712;GO:0004713;GO:0005200;GO:0008307;GO:0097493;GO:0031433,GO:0048856;GO:0030154;GO:0048856;GO:0003012;GO:0003013;GO:0003012;GO:0048856;GO:0007010;GO:0030154;GO:0048856;GO:0048856;GO:0048856;GO:0048856;GO:0048856;GO:0003012;GO:0023052;GO:0003012;GO:0007010;GO:0030154;GO:0048856;GO:0007010;GO:0030154;GO:0048856;GO:0007010;GO:0030154;GO:0048856;GO:0065003;GO:0007010;GO:0030154;GO:0048856;GO:0048856;GO:0030154;GO:0048856;GO:0048856,anatomical structure development;cell differentiation;anatomical structure development;muscle system process;circulatory system process;muscle system process;anatomical structure development;cytoskeleton organization;cell differentiation;anatomical structure development;anatomical structure development;anatomical structure development;anatomical structure development;anatomical structure development;muscle system process;signaling;muscle system process;cytoskeleton organization;cell differentiation;anatomical structure development;cytoskeleton organization;cell differentiation;anatomical structure development;cytoskeleton organization;cell differentiation;anatomical structure development;protein-containing complex assembly;cytoskeleton organization;cell differentiation;anatomical structure development;anatomical structure development;cell differentiation;anatomical structure development;anatomical structure development,anatomical structure development;cell differentiation;muscle system process;circulatory system process;cytoskeleton organization;signaling;protein-containing complex assembly,GO:0048856;GO:0030154;GO:0003012;GO:0003013;GO:0007010;GO:0023052;GO:0065003
32,CU686207,PGEN_.00g043220,1.41E-45,1,adductor muscle,,"(sp:P24733) Myosin heavy chain, striated muscle OS=Aequipecten irradians PE=1 SV=1",P24733,NA,Myosin heavy chain striated muscle,Protein soc-2 homolog,GO:0030016;GO:0016459;GO:0032982;GO:0051015;GO:0005524;GO:0005516;GO:0003774,,GO:0030016;GO:0016459;GO:0032982,GO:0051015;GO:0005524;GO:0005516;GO:0003774,NA,NA,NA,NA
55,AJ130967,PGEN_.00g023690,2.26E-21,1,,BMP2,(sp:P12643) Bone morphogenetic protein 2 OS=Homo sapiens GN=BMP2 PE=1 SV=1,Q90751,NA,Bone morphogenetic protein 2,Mitochondrial outer membrane protein 25,GO:0005615;GO:0070700;GO:0005125;GO:0008083;GO:0030509;GO:0060317;GO:0051216;GO:0000122;GO:0001503;GO:0010718;GO:0010862;GO:0060395,GO:0030509;GO:0060317;GO:0051216;GO:0000122;GO:0001503;GO:0010718;GO:0010862;GO:0060395,GO:0005615,GO:0070700;GO:0005125;GO:0008083,GO:0023052;GO:0030154;GO:0048856;GO:0048856;GO:0006351;GO:0006355;GO:0030154;GO:0048856;GO:0023052;GO:0023052,signaling;cell differentiation;anatomical structure development;anatomical structure development;DNA-templated transcription;regulation of DNA-templated transcription;cell differentiation;anatomical structure development;signaling;signaling,signaling;cell differentiation;anatomical structure development;DNA-templated transcription;regulation of DNA-templated transcription,GO:0023052;GO:0030154;GO:0048856;GO:0006351;GO:0006355
57,CU993043,PGEN_.00g206700,2.13E-18,1,,,(sp:P64922) Uncharacterized protein Mb2028c OS=Mycobacterium bovis GN=Mb2028c PE=4 SV=1,Q57951,NA,Universal stress protein MJ0531,Phosphatidylcholine 2-acylhydrolase,,,,,NA,NA,NA,NA
67,FP006096,PGEN_.00g170870,7.84E-16,1,,ZNF107,0,Q9UII5,51427,Zinc finger protein 107,Zinc finger protein ZFD25,GO:0005634;GO:0001228;GO:0046872;GO:0000978;GO:0006357,GO:0006357,GO:0005634,GO:0001228;GO:0046872;GO:0000978,GO:0006351;GO:0006355,DNA-templated transcription;regulation of DNA-templated transcription,DNA-templated transcription;regulation of DNA-templated transcription,GO:0006351;GO:0006355
12,AM856027,PGEN_.00g051540,3.92E-13,2,,USP54,(sp:Q6IE24) Inactive ubiquitin carboxyl-terminal hydrolase 54 OS=Rattus norvegicus GN=Usp54 PE=2 SV=2,Q70EL1;A1L4Q4;A3KFK3;A3KFK5;A3KFK6;A3KFK7;A6PVS4;A6PVS5;A6PVS6A6PVS7;B3KVY1;B9ZVM1;Q5F2F4;Q6P1N6;Q6ZSP1;Q6ZSR1;Q6ZTM0;Q8N1X2,159195,Inactive ubiquitin carboxyl-terminal hydrolase 54,Inactive ubiquitin-specific peptidase 54,GO:0004843;GO:0016579,GO:0016579,,GO:0004843,NA,NA,NA,NA
56,AM864470,PGEN_.00g048980,6.20E-16,2,female gonad,STOX1,(sp:Q6ZVD7) Storkhead-box protein 1 OS=Homo sapiens GN=STOX1 PE=1 SV=2,Q6ZVD7;A2A3Q9;A5D6Y7;B0QZA4;B0QZA5;B0QZA6;Q4F8Q6;Q5I946;Q5I947Q5I948;Q5VX38;Q5VX39;Q6ZRY3;Q96LR3;Q96LS0,219736,Storkhead-box protein 1,Winged-helix domain-containing protein,GO:0005938;GO:0005813;GO:0005737;GO:0005829;GO:0001650;GO:0005654;GO:0005634;GO:0001228;GO:0000977;GO:0007049;GO:0051301;GO:0071500;GO:0048839;GO:0010629;GO:0008284;GO:1904031;GO:0050679;GO:0010971;GO:0010628;GO:1904120;GO:0033138;GO:0010800;GO:0051897;GO:0045944;GO:0010468;GO:1901858;GO:0051881;GO:0010821;GO:1902882;GO:0061418,GO:0007049;GO:0051301;GO:0071500;GO:0048839;GO:0010629;GO:0008284;GO:1904031;GO:0050679;GO:0010971;GO:0010628;GO:1904120;GO:0033138;GO:0010800;GO:0051897;GO:0045944;GO:0010468;GO:1901858;GO:0051881;GO:0010821;GO:1902882;GO:0061418,GO:0005938;GO:0005813;GO:0005737;GO:0005829;GO:0001650;GO:0005654;GO:0005634,GO:0001228;GO:0000977,GO:0048856;GO:0000278;GO:0048856;GO:0023052;GO:0006351;GO:0006355;GO:0007005;GO:0007005;GO:0006351;GO:0006355,anatomical structure development;mitotic cell cycle;anatomical structure development;signaling;DNA-templated transcription;regulation of DNA-templated transcription;mitochondrion organization;mitochondrion organization;DNA-templated transcription;regulation of DNA-templated transcription,anatomical structure development;mitotic cell cycle;signaling;DNA-templated transcription;regulation of DNA-templated transcription;mitochondrion organization,GO:0048856;GO:0000278;GO:0023052;GO:0006351;GO:0006355;GO:0007005
34,AM863929,PGEN_.00g129550,1.26E-25,2,,SPPL3,(sp:Q9CUS9) Signal peptide peptidase-like 3 OS=Mus musculus GN=Sppl3 PE=2 SV=2,Q8TCT6;Q3MJ04;Q8TAU4;Q96DD9,121665,Signal peptide peptidase-like 3,Presenilin-like protein 4,GO:0033116;GO:0005794;GO:0030660;GO:0071458;GO:0071556;GO:0043231;GO:0016020;GO:0005886;GO:0005791;GO:0042500;GO:0042803;GO:0033619;GO:0070886;GO:0007204;GO:0032092;GO:0035307;GO:0006465;GO:0050852,GO:0033619;GO:0070886;GO:0007204;GO:0032092;GO:0035307;GO:0006465;GO:0050852,GO:0033116;GO:0005794;GO:0030660;GO:0071458;GO:0071556;GO:0043231;GO:0016020;GO:0005886;GO:0005791,GO:0042500;GO:0042803,GO:0023052;GO:0051604;GO:0002376;GO:0023052,signaling;protein maturation;immune system process;signaling,signaling;protein maturation;immune system process,GO:0023052;GO:0051604;GO:0002376
38,DV736298,PGEN_.00g224610,1.23E-51,2,,PIM3,(sp:Q9PU85) Serine/threonine-protein kinase Pim-3 OS=Coturnix coturnix japonica GN=PIM3 PE=2 SV=1,Q9PU85,107308404,Serine/threonine-protein kinase pim-3,qpim,GO:0005737;GO:0005524;GO:0106310;GO:0004674;GO:0004712;GO:0043066,GO:0043066,GO:0005737,GO:0005524;GO:0106310;GO:0004674;GO:0004712,GO:0012501,programmed cell death,programmed cell death,GO:0012501
28,AM859142,PGEN_.00g129550,6.27E-17,2,female gonad,SPPL3,(sp:Q9CUS9) Signal peptide peptidase-like 3 OS=Mus musculus GN=Sppl3 PE=2 SV=2,Q8TCT6;Q3MJ04;Q8TAU4;Q96DD9,121665,Signal peptide peptidase-like 3,Presenilin-like protein 4,GO:0033116;GO:0005794;GO:0030660;GO:0071458;GO:0071556;GO:0043231;GO:0016020;GO:0005886;GO:0005791;GO:0042500;GO:0042803;GO:0033619;GO:0070886;GO:0007204;GO:0032092;GO:0035307;GO:0006465;GO:0050852,GO:0033619;GO:0070886;GO:0007204;GO:0032092;GO:0035307;GO:0006465;GO:0050852,GO:0033116;GO:0005794;GO:0030660;GO:0071458;GO:0071556;GO:0043231;GO:0016020;GO:0005886;GO:0005791,GO:0042500;GO:0042803,GO:0023052;GO:0051604;GO:0002376;GO:0023052,signaling;protein maturation;immune system process;signaling,signaling;protein maturation;immune system process,GO:0023052;GO:0051604;GO:0002376
59,EW777683,PGEN_.00g009370,5.54E-15,2,,Ptk2,(sp:Q00944) Focal adhesion kinase 1 OS=Gallus gallus GN=PTK2 PE=1 SV=2,O35346;Q62900,25614,Focal adhesion kinase 1,pp125FAK,GO:0016324;GO:0016323;GO:0036064;GO:0005737;GO:0005829;GO:0043197;GO:0031234;GO:0005925;GO:0098978;GO:0014704;GO:0030027;GO:0016604;GO:0005730;GO:0005634;GO:0048471;GO:0005886;GO:0098794;GO:0042383;GO:0001725;GO:0003779;GO:0005524;GO:0042802;GO:0005178;GO:0008432;GO:0004715;GO:0019902;GO:0043548;GO:0019901;GO:0019903;GO:0004712;GO:0004713;GO:0044877;GO:0042169;GO:0005102;GO:0001525;GO:0001568;GO:0030154;GO:0016477;GO:0030644;GO:0071560;GO:0021955;GO:0043542;GO:0048013;GO:0007173;GO:0030198;GO:0045444;GO:0060396;GO:0045087;GO:0007229;GO:0007254;GO:0000165;GO:0000226;GO:2000811;GO:0043066;GO:0010507;GO:0050771;GO:0030336;GO:0022408;GO:0046621;GO:0051964;GO:0001764;GO:0007097;GO:0038083;GO:0018108;GO:0010613;GO:0045785;GO:0030307;GO:0030335;GO:0008284;GO:0010763;GO:0060252;GO:0010759;GO:0120041;GO:0050766;GO:0014068;GO:0045860;GO:0051897;GO:0001934;GO:0014911;GO:0048661;GO:0050806;GO:2000060;GO:0090303;GO:0046777;GO:0006468;GO:0030155;GO:0033628;GO:0042127;GO:0008360;GO:0010632;GO:0051893;GO:0045667;GO:0001932;GO:1900024;GO:0046685;GO:0032355;GO:0009749;GO:0009612;GO:0014070;GO:0010033;GO:0010243;GO:0009410;GO:0007172;GO:0007179;GO:0007169;GO:0001570;GO:0042311,GO:0001525;GO:0001568;GO:0030154;GO:0016477;GO:0030644;GO:0071560;GO:0021955;GO:0043542;GO:0048013;GO:0007173;GO:0030198;GO:0045444;GO:0060396;GO:0045087;GO:0007229;GO:0007254;GO:0000165;GO:0000226;GO:2000811;GO:0043066;GO:0010507;GO:0050771;GO:0030336;GO:0022408;GO:0046621;GO:0051964;GO:0001764;GO:0007097;GO:0038083;GO:0018108;GO:0010613;GO:0045785;GO:0030307;GO:0030335;GO:0008284;GO:0010763;GO:0060252;GO:0010759;GO:0120041;GO:0050766;GO:0014068;GO:0045860;GO:0051897;GO:0001934;GO:0014911;GO:0048661;GO:0050806;GO:2000060;GO:0090303;GO:0046777;GO:0006468;GO:0030155;GO:0033628;GO:0042127;GO:0008360;GO:0010632;GO:0051893;GO:0045667;GO:0001932;GO:1900024;GO:0046685;GO:0032355;GO:0009749;GO:0009612;GO:0014070;GO:0010033;GO:0010243;GO:0009410;GO:0007172;GO:0007179;GO:0007169;GO:0001570;GO:0042311,GO:0016324;GO:0016323;GO:0036064;GO:0005737;GO:0005829;GO:0043197;GO:0031234;GO:0005925;GO:0098978;GO:0014704;GO:0030027;GO:0016604;GO:0005730;GO:0005634;GO:0048471;GO:0005886;GO:0098794;GO:0042383;GO:0001725,GO:0003779;GO:0005524;GO:0042802;GO:0005178;GO:0008432;GO:0004715;GO:0019902;GO:0043548;GO:0019901;GO:0019903;GO:0004712;GO:0004713;GO:0044877;GO:0042169;GO:0005102,GO:0048856;GO:0048856;GO:0048870;GO:0030154;GO:0048856;GO:0048870;GO:0023052;GO:0023052;GO:0030154;GO:0023052;GO:0002376;GO:0098542;GO:0023052;GO:0023052;GO:0023052;GO:0007010;GO:0012501;GO:0012501;GO:0006914;GO:0030154;GO:0048856;GO:0048870;GO:0007155;GO:0034330;GO:0048856;GO:0030154;GO:0048856;GO:0048870;GO:0003012;GO:0007155;GO:0048870;GO:0048870;GO:0030154;GO:0048856;GO:0002376;GO:0048870;GO:0016192;GO:0023052;GO:0023052;GO:0048870;GO:0023052;GO:0030163;GO:0042060;GO:0007155;GO:0007155;GO:0048856;GO:0048870;GO:0007155;GO:0034330;GO:0030154;GO:0007155;GO:0030154;GO:0048856;GO:0023052;GO:0065003;GO:0023052;GO:0023052;GO:0030154;GO:0048856;GO:0003013,anatomical structure development;anatomical structure development;cell motility;cell differentiation;anatomical structure development;cell motility;signaling;signaling;cell differentiation;signaling;immune system process;defense response to other organism;signaling;signaling;signaling;cytoskeleton organization;programmed cell death;programmed cell death;autophagy;cell differentiation;anatomical structure development;cell motility;cell adhesion;cell junction organization;anatomical structure development;cell differentiation;anatomical structure development;cell motility;muscle system process;cell adhesion;cell motility;cell motility;cell differentiation;anatomical structure development;immune system process;cell motility;vesicle-mediated transport;signaling;signaling;cell motility;signaling;protein catabolic process;wound healing;cell adhesion;cell adhesion;anatomical structure development;cell motility;cell adhesion;cell junction organization;cell differentiation;cell adhesion;cell differentiation;anatomical structure development;signaling;protein-containing complex assembly;signaling;signaling;cell differentiation;anatomical structure development;circulatory system process,anatomical structure development;cell motility;cell differentiation;signaling;immune system process;defense response to other organism;cytoskeleton organization;programmed cell death;autophagy;cell adhesion;cell junction organization;muscle system process;vesicle-mediated transport;protein catabolic process;wound healing;protein-containing complex assembly;circulatory system process,GO:0048856;GO:0048870;GO:0030154;GO:0023052;GO:0002376;GO:0098542;GO:0007010;GO:0012501;GO:0006914;GO:0007155;GO:0034330;GO:0003012;GO:0016192;GO:0030163;GO:0042060;GO:0065003;GO:0003013
63,AM855576,PGEN_.00g045840,3.01E-15,2,,,(sp:Q9XZV3) Guanine nucleotide-binding protein G(o) subunit alpha OS=Geodia cydonium PE=2 SV=3,Q9XZV3,NA,Guanine nucleotide-binding protein G(o) subunit alpha,Transient receptor protein 3,GO:0031683;GO:0005525;GO:0003924;GO:0046872;GO:0007186,GO:0007186,,GO:0031683;GO:0005525;GO:0003924;GO:0046872,GO:0023052,signaling,signaling,GO:0023052
64,AM857000,PGEN_.00g169790,4.50E-14,2,,NA,(sp:Q1LYM3) Protein spire homolog 1 OS=Danio rerio GN=spire1 PE=2 SV=1,NA,NA,NA,NA,NA,NA,NA,NA,NA,NA,NA,NA
68,AJ535669,PGEN_.00g005550,2.03E-11,2,,SYK,(sp:Q25410) Putative molluscan insulin-related peptide(s) receptor OS=Lymnaea stagnalis PE=2 SV=1,F1N9Y5;Q5ZJ91,427272,Tyrosine-protein kinase SYK,TGGCA-binding protein,GO:0005829;GO:0032009;GO:0031234;GO:0005886;GO:0005524;GO:0004715;GO:0004712;GO:0004713;GO:0005102;GO:0002250;GO:0050853;GO:0048514;GO:0030154;GO:0070301;GO:0071226;GO:0042742;GO:0045087;GO:0007229;GO:0035556;GO:0002366;GO:0007159;GO:0001945;GO:0002281;GO:0002283;GO:0030593;GO:0018108;GO:0046641;GO:0045579;GO:0045780;GO:0033630;GO:0043306;GO:0090237;GO:0070372;GO:0043313;GO:0050764;GO:0010543;GO:0090330;GO:0032928;GO:0002554;GO:0007169,GO:0002250;GO:0050853;GO:0048514;GO:0030154;GO:0070301;GO:0071226;GO:0042742;GO:0045087;GO:0007229;GO:0035556;GO:0002366;GO:0007159;GO:0001945;GO:0002281;GO:0002283;GO:0030593;GO:0018108;GO:0046641;GO:0045579;GO:0045780;GO:0033630;GO:0043306;GO:0090237;GO:0070372;GO:0043313;GO:0050764;GO:0010543;GO:0090330;GO:0032928;GO:0002554;GO:0007169,GO:0005829;GO:0032009;GO:0031234;GO:0005886,GO:0005524;GO:0004715;GO:0004712;GO:0004713;GO:0005102,GO:0002376;GO:0002376;GO:0023052;GO:0048856;GO:0098542;GO:0002376;GO:0098542;GO:0023052;GO:0023052;GO:0002376;GO:0007155;GO:0048856;GO:0002376;GO:0002376;GO:0002376;GO:0048870;GO:0002376;GO:0007155;GO:0002376;GO:0030154;GO:0048856;GO:0007155;GO:0002376;GO:0016192;GO:0023052;GO:0002376;GO:0016192;GO:0016192;GO:0042060;GO:0007155;GO:0042060;GO:0006954;GO:0016192;GO:0023052;GO:0023052,immune system process;immune system process;signaling;anatomical structure development;defense response to other organism;immune system process;defense response to other organism;signaling;signaling;immune system process;cell adhesion;anatomical structure development;immune system process;immune system process;immune system process;cell motility;immune system process;cell adhesion;immune system process;cell differentiation;anatomical structure development;cell adhesion;immune system process;vesicle-mediated transport;signaling;immune system process;vesicle-mediated transport;vesicle-mediated transport;wound healing;cell adhesion;wound healing;inflammatory response;vesicle-mediated transport;signaling;signaling,immune system process;signaling;anatomical structure development;defense response to other organism;cell adhesion;cell motility;cell differentiation;vesicle-mediated transport;wound healing;inflammatory response,GO:0002376;GO:0023052;GO:0048856;GO:0098542;GO:0007155;GO:0048870;GO:0030154;GO:0016192;GO:0042060;GO:0006954
69,FP008324,PGEN_.00g056160,1.26E-28,2,,,(sp:Q92038) Acyl-CoA desaturase OS=Cyprinus carpio PE=2 SV=2,Q92038,NA,Acyl-CoA desaturase,Stearoyl-CoA desaturase,GO:0005789;GO:0016021;GO:0005506;GO:0016491;GO:0004768;GO:0006636,GO:0006636,GO:0005789;GO:0016021,GO:0005506;GO:0016491;GO:0004768,GO:0006629,lipid metabolic process,lipid metabolic process,GO:0006629
71,CU998140,PGEN_.00g275080,4.46E-16,2,,IP6K1,0,Q92551;A8K157;A8MUX4;Q7L3I7;Q96E38,9807,Inositol hexakisphosphate kinase 1,Inositol hexaphosphate kinase 1,GO:0005737;GO:0005829;GO:0001650;GO:0005654;GO:0005634;GO:0005524;GO:0052836;GO:0052839;GO:0000829;GO:0052723;GO:0052724;GO:0000832;GO:0000828;GO:0000827;GO:0016301;GO:0032958;GO:0043647;GO:0120163;GO:0046854,GO:0032958;GO:0043647;GO:0120163;GO:0046854,GO:0005737;GO:0005829;GO:0001650;GO:0005654;GO:0005634,GO:0005524;GO:0052836;GO:0052839;GO:0000829;GO:0052723;GO:0052724;GO:0000832;GO:0000828;GO:0000827;GO:0016301,GO:0006629,lipid metabolic process,lipid metabolic process,GO:0006629
72,AM861820,PGEN_.00g257480,8.69E-22,2,,GRK5,(sp:P43249) G protein-coupled receptor kinase 5 OS=Bos taurus GN=GRK5 PE=2 SV=1,P43249,281801,G protein-coupled receptor kinase 5,G protein-coupled receptor kinase GRK5,GO:0005737;GO:0005829;GO:0031965;GO:0016607;GO:0005886;GO:0005524;GO:0047696;GO:0004703;GO:0008289;GO:0004672;GO:0004674;GO:0006915;GO:0043066;GO:0008284;GO:0046777;GO:0006468;GO:0051726;GO:0009966;GO:0007217;GO:0016055,GO:0006915;GO:0043066;GO:0008284;GO:0046777;GO:0006468;GO:0051726;GO:0009966;GO:0007217;GO:0016055,GO:0005737;GO:0005829;GO:0031965;GO:0016607;GO:0005886,GO:0005524;GO:0047696;GO:0004703;GO:0008289;GO:0004672;GO:0004674,GO:0012501;GO:0012501;GO:0023052;GO:0023052;GO:0023052,programmed cell death;programmed cell death;signaling;signaling;signaling,programmed cell death;signaling,GO:0012501;GO:0023052
10,FP008026,PGEN_.00g032220,5.43E-17,2,female gonad,Wdr20,(sp:Q8TBZ3) WD repeat-containing protein 20 OS=Homo sapiens GN=WDR20 PE=1 SV=2,Q9D5R2;Q80X67;Q9D5L0,70948,WD repeat-containing protein 20,Protein DMR,,,,,NA,NA,NA,NA
18,EX956437,PGEN_.00g321960,8.56E-18,2,female gonad,Rere,(sp:Q62901) Arginine-glutamic acid dipeptide repeats protein OS=Rattus norvegicus GN=Rere PE=2 SV=2,Q62901,116665,Arginine-glutamic acid dipeptide repeats protein,Atrophin-1-related protein,GO:0000118;GO:0005634;GO:0016605;GO:0003682;GO:0043565;GO:0003713;GO:0003714;GO:0008270;GO:0048755;GO:0021930;GO:0021691;GO:0021549;GO:0006338;GO:0048813;GO:0021942,GO:0048755;GO:0021930;GO:0021691;GO:0021549;GO:0006338;GO:0048813;GO:0021942,GO:0000118;GO:0005634;GO:0016605,GO:0003682;GO:0043565;GO:0003713;GO:0003714;GO:0008270,GO:0048856;GO:0048856;GO:0048856;GO:0048856;GO:0006325;GO:0030154;GO:0048856;GO:0048856;GO:0048870,anatomical structure development;anatomical structure development;anatomical structure development;anatomical structure development;chromatin organization;cell differentiation;anatomical structure development;anatomical structure development;cell motility,anatomical structure development;chromatin organization;cell differentiation;cell motility,GO:0048856;GO:0006325;GO:0030154;GO:0048870
5,CU999660,PGEN_.00g009290,1.89E-13,3,female gonad,SMC5,(sp:Q8CG46) Structural maintenance of chromosomes protein 5 OS=Mus musculus GN=Smc5 PE=2 SV=1,Q8IY18;A6NM81;O60335;Q05D92;Q5VZ60;Q96SB9,23137,Structural maintenance of chromosomes protein 5,Gliotactin homolog,GO:0030054;GO:0000775;GO:0000781;GO:0005737;GO:0035061;GO:0016607;GO:0005654;GO:0005634;GO:0016605;GO:0000803;GO:0035861;GO:0030915;GO:0005524;GO:0016887;GO:0051301;GO:0006974;GO:0090398;GO:0030261;GO:0000724;GO:0018393;GO:0044772;GO:0051984;GO:0034184;GO:0071459;GO:0007062;GO:0019827;GO:0000722,GO:0051301;GO:0006974;GO:0090398;GO:0030261;GO:0000724;GO:0018393;GO:0044772;GO:0051984;GO:0034184;GO:0071459;GO:0007062;GO:0019827;GO:0000722,GO:0030054;GO:0000775;GO:0000781;GO:0005737;GO:0035061;GO:0016607;GO:0005654;GO:0005634;GO:0016605;GO:0000803;GO:0035861;GO:0030915,GO:0005524;GO:0016887,GO:0006281;GO:0006310;GO:0000278;GO:0007059;GO:0000278;GO:0007059;GO:0140014;GO:0007059;GO:0006310;GO:0032200,DNA repair;DNA recombination;mitotic cell cycle;chromosome segregation;mitotic cell cycle;chromosome segregation;mitotic nuclear division;chromosome segregation;DNA recombination;telomere organization,DNA repair;DNA recombination;mitotic cell cycle;chromosome segregation;mitotic nuclear division;telomere organization,GO:0006281;GO:0006310;GO:0000278;GO:0007059;GO:0140014;GO:0032200
1,AM863520,PGEN_.00g249580,4.53E-25,3,,CTNNA2,(sp:Q5R416) Catenin alpha-2 OS=Pongo abelii GN=CTNNA2 PE=2 SV=3,Q5R416;Q5R4P9,100174076,Catenin alpha-2,Alpha N-catenin,GO:0015629;GO:0005912;GO:0030424;GO:0005737;GO:0005634;GO:0005886;GO:0051015;GO:0045296;GO:0005198;GO:0007409;GO:0048854;GO:0098609;GO:0048813;GO:0034316;GO:0060134;GO:0021942;GO:2001222;GO:0010975;GO:0051823,GO:0007409;GO:0048854;GO:0098609;GO:0048813;GO:0034316;GO:0060134;GO:0021942;GO:2001222;GO:0010975;GO:0051823,GO:0015629;GO:0005912;GO:0030424;GO:0005737;GO:0005634;GO:0005886,GO:0051015;GO:0045296;GO:0005198,GO:0030154;GO:0048856;GO:0048856;GO:0007155;GO:0030154;GO:0048856;GO:0007010;GO:0050877;GO:0048856;GO:0048870;GO:0030154;GO:0048856;GO:0048870;GO:0030154;GO:0048856;GO:0034330,cell differentiation;anatomical structure development;anatomical structure development;cell adhesion;cell differentiation;anatomical structure development;cytoskeleton organization;nervous system process;anatomical structure development;cell motility;cell differentiation;anatomical structure development;cell motility;cell differentiation;anatomical structure development;cell junction organization,cell differentiation;anatomical structure development;cell adhesion;cytoskeleton organization;nervous system process;cell motility;cell junction organization,GO:0030154;GO:0048856;GO:0007155;GO:0007010;GO:0050877;GO:0048870;GO:0034330
9,FP001184,PGEN_.00g122190,5.37E-15,3,,,(sp:Q6NSM8) Serine/threonine-protein kinase SIK3 homolog OS=Danio rerio GN=zgc:66101 PE=2 SV=1,Q6NSM8;Q6PHV1,393513,Serine/threonine-protein kinase SIK3 homolog,Serine/threonine-protein kinase QSK homolog,GO:0005737;GO:0005524;GO:0000287;GO:0106310;GO:0004674;GO:0004712;GO:0050321;GO:0035556;GO:0000226;GO:0006468,GO:0035556;GO:0000226;GO:0006468,GO:0005737,GO:0005524;GO:0000287;GO:0106310;GO:0004674;GO:0004712;GO:0050321,GO:0023052;GO:0007010,signaling;cytoskeleton organization,signaling;cytoskeleton organization,GO:0023052;GO:0007010
17,AM867260,PGEN_.00g069920,5.33E-18,3,female gonad,Cep57,(sp:B4F7A7) Centrosomal protein of 57 kDa OS=Rattus norvegicus GN=Cep57 PE=1 SV=2,B4F7A7,315423,Centrosomal protein of 57 kDa,Translokin,GO:0005813;GO:0005737;GO:0005794;GO:0005874;GO:0005634;GO:0017134;GO:0043015;GO:0008017;GO:0042803;GO:0008543;GO:0034453;GO:0051260;GO:0007286,GO:0008543;GO:0034453;GO:0051260;GO:0007286,GO:0005813;GO:0005737;GO:0005794;GO:0005874;GO:0005634,GO:0017134;GO:0043015;GO:0008017;GO:0042803,GO:0023052;GO:0007010;GO:0065003;GO:0022414;GO:0030154;GO:0048856,signaling;cytoskeleton organization;protein-containing complex assembly;reproductive process;cell differentiation;anatomical structure development,signaling;cytoskeleton organization;protein-containing complex assembly;reproductive process;cell differentiation;anatomical structure development,GO:0023052;GO:0007010;GO:0065003;GO:0022414;GO:0030154;GO:0048856
15,AM854101,PGEN_.00g055680,5.30E-39,3,,SRSF2,"(sp:Q6PDU1) Splicing factor, arginine/serine-rich 2 OS=Rattus norvegicus GN=Sfrs2 PE=1 SV=3",P30352,396195,Serine/arginine-rich splicing factor 2,Splicing factor arginine/serine-rich 2,GO:0005737;GO:0016607;GO:0005681;GO:0036002;GO:0003723;GO:0000398;GO:0000381,GO:0000398;GO:0000381,GO:0005737;GO:0016607;GO:0005681,GO:0036002;GO:0003723,GO:0016071;GO:0016071,mRNA metabolic process;mRNA metabolic process,mRNA metabolic process,GO:0016071
11,AM867657,PGEN_.00g036380,3.52E-20,3,female gonad,KCTD5,(sp:Q9NXV2) BTB/POZ domain-containing protein KCTD5 OS=Homo sapiens GN=KCTD5 PE=1 SV=1,A5PKG7,100125308,BTB/POZ domain-containing protein KCTD5,Sphere organelles protein SPH-1,GO:0031463;GO:0005737;GO:0005829;GO:0005634;GO:0097602;GO:0043161;GO:0051260,GO:0043161;GO:0051260,GO:0031463;GO:0005737;GO:0005829;GO:0005634,GO:0097602,GO:0030163;GO:0065003,protein catabolic process;protein-containing complex assembly,protein catabolic process;protein-containing complex assembly,GO:0030163;GO:0065003
40,AM861173,PGEN_.00g236080,2.19E-16,3,,Nck2,(sp:O43639) Cytoplasmic protein NCK2 OS=Homo sapiens GN=NCK2 PE=1 SV=2,O55033,17974,Cytoplasmic protein NCK2,SH2/SH3 adaptor protein NCK-beta,GO:0005737;GO:0005829;GO:0005783;GO:0014069;GO:0045202;GO:0012506;GO:0001784;GO:0044877;GO:0030971;GO:0097110;GO:0035591;GO:0007015;GO:0016477;GO:0060996;GO:0048013;GO:0001771;GO:0030032;GO:1903912;GO:0033137;GO:1903898;GO:1990441;GO:0030838;GO:1902237;GO:0042102;GO:0045944;GO:0036493;GO:0007165,GO:0007015;GO:0016477;GO:0060996;GO:0048013;GO:0001771;GO:0030032;GO:1903912;GO:0033137;GO:1903898;GO:1990441;GO:0030838;GO:1902237;GO:0042102;GO:0045944;GO:0036493;GO:0007165,GO:0005737;GO:0005829;GO:0005783;GO:0014069;GO:0045202;GO:0012506,GO:0001784;GO:0044877;GO:0030971;GO:0097110;GO:0035591,GO:0007010;GO:0048870;GO:0030154;GO:0048856;GO:0023052;GO:0002376;GO:0023052;GO:0006351;GO:0006355;GO:0007010;GO:0065003;GO:0012501;GO:0023052;GO:0002376;GO:0007155;GO:0006351;GO:0006355;GO:0023052,cytoskeleton organization;cell motility;cell differentiation;anatomical structure development;signaling;immune system process;signaling;DNA-templated transcription;regulation of DNA-templated transcription;cytoskeleton organization;protein-containing complex assembly;programmed cell death;signaling;immune system process;cell adhesion;DNA-templated transcription;regulation of DNA-templated transcription;signaling,cytoskeleton organization;cell motility;cell differentiation;anatomical structure development;signaling;immune system process;DNA-templated transcription;regulation of DNA-templated transcription;protein-containing complex assembly;programmed cell death;cell adhesion,GO:0007010;GO:0048870;GO:0030154;GO:0048856;GO:0023052;GO:0002376;GO:0006351;GO:0006355;GO:0065003;GO:0012501;GO:0007155
50,AM861833,PGEN_.00g326280,1.44E-20,3,female gonad,icmt,(sp:O12947) Protein-S-isoprenylcysteine O-methyltransferase OS=Xenopus laevis GN=icmt PE=2 SV=1,O12947,397717,Protein-S-isoprenylcysteine O-methyltransferase,Prenylcysteine carboxyl methyltransferase,GO:0005789;GO:0016021;GO:0004671,,GO:0005789;GO:0016021,GO:0004671,NA,NA,NA,NA
51,ES789154,PGEN_.00g044320,8.91E-14,3,,znf207,(sp:Q5R8K4) Zinc finger protein 207 OS=Pongo abelii GN=ZNF207 PE=2 SV=1,Q7ZXV8,380016,BUB3-interacting and GLEBS motif-containing protein ZNF207,Zinc finger protein 207,GO:0005737;GO:0000776;GO:0005874;GO:0005634;GO:0005819;GO:1990047;GO:0046872;GO:0008017;GO:0008608;GO:0051301;GO:0001578;GO:0046785;GO:0000070;GO:0090307;GO:0007094;GO:0050821;GO:0051983,GO:0008608;GO:0051301;GO:0001578;GO:0046785;GO:0000070;GO:0090307;GO:0007094;GO:0050821;GO:0051983,GO:0005737;GO:0000776;GO:0005874;GO:0005634;GO:0005819;GO:1990047,GO:0046872;GO:0008017,GO:0007059;GO:0007010;GO:0007010;GO:0065003;GO:0000278;GO:0007059;GO:0140014;GO:0000278;GO:0007010;GO:0140014;GO:0000278;GO:0007059;GO:0023052;GO:0140014;GO:0007059,chromosome segregation;cytoskeleton organization;cytoskeleton organization;protein-containing complex assembly;mitotic cell cycle;chromosome segregation;mitotic nuclear division;mitotic cell cycle;cytoskeleton organization;mitotic nuclear division;mitotic cell cycle;chromosome segregation;signaling;mitotic nuclear division;chromosome segregation,chromosome segregation;cytoskeleton organization;protein-containing complex assembly;mitotic cell cycle;mitotic nuclear division;signaling,GO:0007059;GO:0007010;GO:0065003;GO:0000278;GO:0140014;GO:0023052
60,CU997418,PGEN_.00g037070,4.31E-21,3,female gonad,ATF7IP,(sp:Q5ZIE8) Activating transcription factor 7-interacting protein 1 OS=Gallus gallus GN=ATF7IP PE=2 SV=1,Q5ZIE8,417966,Activating transcription factor 7-interacting protein 1,MBD1-containing chromatin-associated factor 1,GO:0005634;GO:0005667;GO:0003712;GO:0090309;GO:0050821;GO:0031647;GO:0006355,GO:0090309;GO:0050821;GO:0031647;GO:0006355,GO:0005634;GO:0005667,GO:0003712,GO:0006325;GO:0006351,chromatin organization;DNA-templated transcription,chromatin organization;DNA-templated transcription,GO:0006325;GO:0006351
73,AM865393,PGEN_.00g228470,4.94E-82,3,,Fsn,(sp:B4HQ29) F-box/SPRY domain-containing protein 1 OS=Drosophila sechellia GN=Fsn PE=3 SV=1,B4J6Q0,6561060,F-box/SPRY domain-containing protein 1,Secretory blood group protein 1,GO:0005938;GO:0031594;GO:0005634;GO:0045495;GO:0019005;GO:0010629;GO:0045886;GO:0007399;GO:0007274;GO:0045732;GO:0016567,GO:0010629;GO:0045886;GO:0007399;GO:0007274;GO:0045732;GO:0016567,GO:0005938;GO:0031594;GO:0005634;GO:0045495;GO:0019005,,GO:0034330;GO:0048856;GO:0048856;GO:0023052;GO:0030163,cell junction organization;anatomical structure development;anatomical structure development;signaling;protein catabolic process,cell junction organization;anatomical structure development;signaling;protein catabolic process,GO:0034330;GO:0048856;GO:0023052;GO:0030163
74,AM861216,PGEN_.00g330590,3.28E-21,3,,Fzd1,(sp:Q9I9M5) Frizzled-1 OS=Xenopus laevis GN=fzd1 PE=2 SV=1,O70421;O08974;Q7TS82,14362,Frizzled-1,Proliferation-associated SNF2-like protein,GO:0009986;GO:0016021;GO:0043005;GO:0005886;GO:0005109;GO:0004930;GO:0042802;GO:0030165;GO:0046982;GO:0042803;GO:0005102;GO:0042813;GO:0017147;GO:0036520;GO:0035425;GO:0060070;GO:0044338;GO:0044339;GO:0007267;GO:0030855;GO:0060022;GO:0003149;GO:0003150;GO:0030514;GO:0090090;GO:1903204;GO:0045892;GO:0003151;GO:0090179;GO:0051091;GO:0010976;GO:0001934;GO:0045893;GO:1905606;GO:0009410;GO:0060412;GO:0016055,GO:0036520;GO:0035425;GO:0060070;GO:0044338;GO:0044339;GO:0007267;GO:0030855;GO:0060022;GO:0003149;GO:0003150;GO:0030514;GO:0090090;GO:1903204;GO:0045892;GO:0003151;GO:0090179;GO:0051091;GO:0010976;GO:0001934;GO:0045893;GO:1905606;GO:0009410;GO:0060412;GO:0016055,GO:0009986;GO:0016021;GO:0043005;GO:0005886,GO:0005109;GO:0004930;GO:0042802;GO:0030165;GO:0046982;GO:0042803;GO:0005102;GO:0042813;GO:0017147,GO:0023052;GO:0023052;GO:0023052;GO:0023052;GO:0030154;GO:0023052;GO:0030154;GO:0023052;GO:0030154;GO:0048856;GO:0048856;GO:0048856;GO:0048856;GO:0023052;GO:0023052;GO:0006351;GO:0006355;GO:0048856;GO:0023052;GO:0048856;GO:0006351;GO:0006355;GO:0030154;GO:0048856;GO:0006351;GO:0006355;GO:0034330;GO:0048856;GO:0048856;GO:0023052,signaling;signaling;signaling;signaling;cell differentiation;signaling;cell differentiation;signaling;cell differentiation;anatomical structure development;anatomical structure development;anatomical structure development;anatomical structure development;signaling;signaling;DNA-templated transcription;regulation of DNA-templated transcription;anatomical structure development;signaling;anatomical structure development;DNA-templated transcription;regulation of DNA-templated transcription;cell differentiation;anatomical structure development;DNA-templated transcription;regulation of DNA-templated transcription;cell junction organization;anatomical structure development;anatomical structure development;signaling,signaling;cell differentiation;anatomical structure development;DNA-templated transcription;regulation of DNA-templated transcription;cell junction organization,GO:0023052;GO:0030154;GO:0048856;GO:0006351;GO:0006355;GO:0034330
4,AM857424,PGEN_.00g147120,1.10E-53,3,female gonad,TPST1,(sp:Q5ZJI0) Protein-tyrosine sulfotransferase 2 OS=Gallus gallus GN=TPST2 PE=2 SV=1,O60507;A4D2M0;Q6FGM7,8460,Protein-tyrosine sulfotransferase 1,Tyrosylprotein sulfotransferase 1,GO:0005794;GO:0000139;GO:0030173;GO:0016020;GO:0042803;GO:0008476;GO:0008146;GO:0050427;GO:0006954;GO:0006478,GO:0050427;GO:0006954;GO:0006478,GO:0005794;GO:0000139;GO:0030173;GO:0016020,GO:0042803;GO:0008476;GO:0008146,GO:0006790;GO:0055086;GO:1901135;GO:0006790,sulfur compound metabolic process;nucleobase-containing small molecule metabolic process;carbohydrate derivative metabolic process;sulfur compound metabolic process,sulfur compound metabolic process;nucleobase-containing small molecule metabolic process;carbohydrate derivative metabolic process,GO:0006790;GO:0055086;GO:1901135
21,CU989217,PGEN_.00g143190,1.26E-16,4,female gonad,Rusf1,(sp:Q499P8) UPF0420 protein C16orf58 homolog OS=Rattus norvegicus PE=2 SV=1,Q91W34;Q3TCP4;Q3UEA8;Q3UFY1,233913,RUS family member 1,Lipoyl ligase,GO:0016021,,GO:0016021,,NA,NA,NA,NA
33,AM866384,PGEN_.00g045760,2.79E-15,4,,FASN,(sp:P49327) Fatty acid synthase OS=Homo sapiens GN=FASN PE=1 SV=3,P12276,NA,Acyl-[acyl-carrier-protein] hydrolase,Raf kinase trapping to Golgi,GO:0005737;GO:0008659;GO:0008693;GO:0047451;GO:0004317;GO:0004316;GO:0004315;GO:0004313;GO:0004314;GO:0047117;GO:0004312;GO:0016295;GO:0004320;GO:0016296;GO:0031177;GO:0003697;GO:0006633;GO:0006089;GO:0032100,GO:0006633;GO:0006089;GO:0032100,GO:0005737,GO:0008659;GO:0008693;GO:0047451;GO:0004317;GO:0004316;GO:0004315;GO:0004313;GO:0004314;GO:0047117;GO:0004312;GO:0016295;GO:0004320;GO:0016296;GO:0031177;GO:0003697,GO:0006629,lipid metabolic process,lipid metabolic process,GO:0006629
36,BQ427315,PGEN_.00g048930,1.22E-23,4,,,(sp:P80467) Alcohol dehydrogenase class-3 OS=Uromastyx hardwickii PE=1 SV=1,P79896,NA,Alcohol dehydrogenase class-3,S-(hydroxymethyl)glutathione dehydrogenase,GO:0005737;GO:0004022;GO:0106322;GO:0106321;GO:0008270;GO:0006069,GO:0006069,GO:0005737,GO:0004022;GO:0106322;GO:0106321;GO:0008270,GO:0006091,generation of precursor metabolites and energy,generation of precursor metabolites and energy,GO:0006091
70,CU994694,PGEN_.00g104530,3.18E-18,4,,NANOS1,(sp:P60323) Nanos homolog 3 OS=Homo sapiens GN=NANOS3 PE=2 SV=1,Q8WY41,340719,Nanos homolog 1,EC_Rep1a,GO:0005737;GO:0048471;GO:0003729;GO:0030371;GO:0008270;GO:0016477;GO:0098749;GO:0010631;GO:0017148;GO:0048477;GO:1900153;GO:0010608;GO:0001558;GO:0001894,GO:0016477;GO:0098749;GO:0010631;GO:0017148;GO:0048477;GO:1900153;GO:0010608;GO:0001558;GO:0001894,GO:0005737;GO:0048471,GO:0003729;GO:0030371;GO:0008270,GO:0048870;GO:0030154;GO:0048856;GO:0048870;GO:0022414;GO:0030154;GO:0048856;GO:0016071,cell motility;cell differentiation;anatomical structure development;cell motility;reproductive process;cell differentiation;anatomical structure development;mRNA metabolic process,cell motility;cell differentiation;anatomical structure development;reproductive process;mRNA metabolic process,GO:0048870;GO:0030154;GO:0048856;GO:0022414;GO:0016071
20,AM860211,PGEN_.00g175060,5.76E-28,4,female gonad,Foxl1,(sp:Q6VFT5) Forkhead box protein L2 OS=Oryctolagus cuniculus GN=FOXL2 PE=4 SV=1,Q64731;B2RQ86,14241,Forkhead box protein L1,Transcription factor FKH-6,GO:0005634;GO:0003677;GO:0003700;GO:0000981;GO:0000978;GO:0043565;GO:0009653;GO:0030154;GO:0007507;GO:0061146;GO:0030166;GO:0006357;GO:0006355;GO:0030111;GO:0007495,GO:0009653;GO:0030154;GO:0007507;GO:0061146;GO:0030166;GO:0006357;GO:0006355;GO:0030111;GO:0007495,GO:0005634,GO:0003677;GO:0003700;GO:0000981;GO:0000978;GO:0043565,GO:0048856;GO:0048856;GO:0002376;GO:0048856;GO:1901135;GO:0006351;GO:0006355;GO:0006351;GO:0023052;GO:0023052;GO:0048856,anatomical structure development;anatomical structure development;immune system process;anatomical structure development;carbohydrate derivative metabolic process;DNA-templated transcription;regulation of DNA-templated transcription;DNA-templated transcription;signaling;signaling;anatomical structure development,anatomical structure development;immune system process;carbohydrate derivative metabolic process;DNA-templated transcription;regulation of DNA-templated transcription;signaling,GO:0048856;GO:0002376;GO:1901135;GO:0006351;GO:0006355;GO:0023052
7,AM860311,PGEN_.00g261330,2.86E-47,5,sperm,Spag6,(sp:Q9JLI7) Sperm-associated antigen 6 OS=Mus musculus GN=Spag6 PE=1 SV=1,Q9JLI7;Q8K461,50525,Sperm-associated antigen 6,Protein PF16 homolog,GO:0001669;GO:1990716;GO:0005930;GO:0031410;GO:0005829;GO:0005576;GO:0120249;GO:0002177;GO:0005874;GO:0015630;GO:0097228;GO:0008017;GO:0051301;GO:0034613;GO:0090660;GO:0043583;GO:0003351;GO:0045198;GO:0010761;GO:0046847;GO:0030317;GO:0044458;GO:0120197;GO:1990138;GO:1905515;GO:0003356;GO:0090175;GO:0007288;GO:0007283;GO:0043149;GO:0006931,GO:0051301;GO:0034613;GO:0090660;GO:0043583;GO:0003351;GO:0045198;GO:0010761;GO:0046847;GO:0030317;GO:0044458;GO:0120197;GO:1990138;GO:1905515;GO:0003356;GO:0090175;GO:0007288;GO:0007283;GO:0043149;GO:0006931,GO:0001669;GO:1990716;GO:0005930;GO:0031410;GO:0005829;GO:0005576;GO:0120249;GO:0002177;GO:0005874;GO:0015630;GO:0097228,GO:0008017,GO:0007018;GO:0050877;GO:0048856;GO:0007018;GO:0007163;GO:0030154;GO:0048856;GO:0048870;GO:0007018;GO:0022414;GO:0048870;GO:0044782;GO:0003016;GO:0007018;GO:0030154;GO:0048856;GO:0044782;GO:0007018;GO:0048856;GO:0007010;GO:0007018;GO:0022414;GO:0030154;GO:0044782;GO:0048856;GO:0048870;GO:0022414;GO:0007010;GO:0007155;GO:0048870,microtubule-based movement;nervous system process;anatomical structure development;microtubule-based movement;establishment or maintenance of cell polarity;cell differentiation;anatomical structure development;cell motility;microtubule-based movement;reproductive process;cell motility;cilium organization;respiratory system process;microtubule-based movement;cell differentiation;anatomical structure development;cilium organization;microtubule-based movement;anatomical structure development;cytoskeleton organization;microtubule-based movement;reproductive process;cell differentiation;cilium organization;anatomical structure development;cell motility;reproductive process;cytoskeleton organization;cell adhesion;cell motility,microtubule-based movement;nervous system process;anatomical structure development;establishment or maintenance of cell polarity;cell differentiation;cell motility;reproductive process;cilium organization;respiratory system process;cytoskeleton organization;cell adhesion,GO:0007018;GO:0050877;GO:0048856;GO:0007163;GO:0030154;GO:0048870;GO:0022414;GO:0044782;GO:0003016;GO:0007010;GO:0007155
8,AM861884,PGEN_.00g120960,3.43E-14,5,,MDH1B,(sp:A3KMX7) Putative malate dehydrogenase 1B OS=Bos taurus GN=MDH1B PE=2 SV=1,Q8T773,NA,Putative malate dehydrogenase 1B,Protein-glutamine N-methyltransferase PrmC,GO:0016615;GO:0016616;GO:0005975;GO:0006108;GO:0006099,GO:0005975;GO:0006108;GO:0006099,,GO:0016615;GO:0016616,GO:0006091,generation of precursor metabolites and energy,generation of precursor metabolites and energy,GO:0006091
37,AM853802,PGEN_.00g285430,4.60E-30,5,,NA,hypothetical protein IscW_ISCW013676 [Ixodes scapularis],NA,NA,NA,NA,NA,NA,NA,NA,NA,NA,NA,NA
43,CU992930,PGEN_.00g065390,2.55E-44,5,,Pacrg,(sp:Q9DAK2) Parkin coregulated gene protein homolog OS=Mus musculus GN=Pacrg PE=2 SV=1,Q9DAK2;Q7TPF9;Q8CG20,69310,Parkin coregulated gene protein homolog,PARK2 coregulated gene protein,GO:0044297;GO:0005929;GO:0005829;GO:0002177;GO:0005739;GO:0043005;GO:0097225;GO:0031982;GO:0003779;GO:0043014;GO:0048487;GO:0051087;GO:0001664;GO:0031072;GO:0030544;GO:0051879;GO:0031625;GO:0034613;GO:0034620;GO:0060548;GO:0007286,GO:0034613;GO:0034620;GO:0060548;GO:0007286,GO:0044297;GO:0005929;GO:0005829;GO:0002177;GO:0005739;GO:0043005;GO:0097225;GO:0031982,GO:0003779;GO:0043014;GO:0048487;GO:0051087;GO:0001664;GO:0031072;GO:0030544;GO:0051879;GO:0031625,GO:0022414;GO:0030154;GO:0048856,reproductive process;cell differentiation;anatomical structure development,reproductive process;cell differentiation;anatomical structure development,GO:0022414;GO:0030154;GO:0048856
48,ES789800,PGEN_.00g329050,3.96E-12,5,,Odad2,(sp:Q5T2S8) Armadillo repeat-containing protein 4 OS=Homo sapiens GN=ARMC4 PE=2 SV=1,B2RY50;Q9CUL6,NA,Outer dynein arm-docking complex subunit 2,Armadillo repeat-containing protein 4,GO:0005930;GO:0097546;GO:0003341;GO:0007368;GO:0007507;GO:0036158;GO:0003356;GO:0021591,GO:0003341;GO:0007368;GO:0007507;GO:0036158;GO:0003356;GO:0021591,GO:0005930;GO:0097546,,GO:0007018;GO:0048856;GO:0048856;GO:0007010;GO:0044782;GO:0065003;GO:0007018;GO:0048856,microtubule-based movement;anatomical structure development;anatomical structure development;cytoskeleton organization;cilium organization;protein-containing complex assembly;microtubule-based movement;anatomical structure development,microtubule-based movement;anatomical structure development;cytoskeleton organization;cilium organization;protein-containing complex assembly,GO:0007018;GO:0048856;GO:0007010;GO:0044782;GO:0065003
54,CU989416,PGEN_.00g282870,1.13E-15,5,,cfap157,PREDICTED: hypothetical protein [Strongylocentrotus purpuratus],Q0VFN8,780234,Cilia- and flagella-associated protein 157,Testosterone 17-beta-dehydrogenase 8,GO:0036064;GO:0005737;GO:0008017;GO:0007288,GO:0007288,GO:0036064;GO:0005737,GO:0008017,GO:0007010;GO:0007018;GO:0022414;GO:0030154;GO:0044782;GO:0048856;GO:0048870,cytoskeleton organization;microtubule-based movement;reproductive process;cell differentiation;cilium organization;anatomical structure development;cell motility,cytoskeleton organization;microtubule-based movement;reproductive process;cell differentiation;cilium organization;anatomical structure development;cell motility,GO:0007010;GO:0007018;GO:0022414;GO:0030154;GO:0044782;GO:0048856;GO:0048870
58,FD483996,PGEN_.00g211500,2.30E-19,5,,Cfap100,(sp:Q494V2) Coiled-coil domain-containing protein 37 OS=Homo sapiens GN=CCDC37 PE=1 SV=1,Q80VN0;E9PYA2;Q6AXD6,243538,Cilia- and flagella-associated protein 100,Coiled-coil domain-containing protein 37,GO:0097545;GO:0036064;GO:0031514;GO:0070840;GO:0003341;GO:0036159,GO:0003341;GO:0036159,GO:0097545;GO:0036064;GO:0031514,GO:0070840,GO:0007018;GO:0007010;GO:0044782;GO:0065003,microtubule-based movement;cytoskeleton organization;cilium organization;protein-containing complex assembly,microtubule-based movement;cytoskeleton organization;cilium organization;protein-containing complex assembly,GO:0007018;GO:0007010;GO:0044782;GO:0065003
66,CU994336,PGEN_.00g175660,2.17E-14,5,,ANKRD60,(sp:Q9BZ19) Ankyrin repeat domain-containing protein 60 OS=Homo sapiens GN=ANKRD60 PE=2 SV=3,Q9BZ19;Q4VXE6,140731,Ankyrin repeat domain-containing protein 60,NADH-ubiquinone oxidoreductase 24 kDa subunit,,,,,NA,NA,NA,NA
2,CU988915,PGEN_.00g083570,1.22E-27,6,,PDS5B,(sp:Q498H0) Sister chromatid cohesion protein PDS5 homolog B-A OS=Xenopus laevis GN=pds5b-A PE=1 SV=1,Q5F3U9,418910,Sister chromatid cohesion protein PDS5 homolog B,Androgen-induced proliferation inhibitor,GO:0000785;GO:0005634;GO:0051301;GO:0006281;GO:0007064;GO:0008285,GO:0051301;GO:0006281;GO:0007064;GO:0008285,GO:0000785;GO:0005634,,GO:0000278;GO:0007059;GO:0140014,mitotic cell cycle;chromosome segregation;mitotic nuclear division,mitotic cell cycle;chromosome segregation;mitotic nuclear division,GO:0000278;GO:0007059;GO:0140014
23,CF369133,PGEN_.00g289370,2.68E-116,6,,,"(sp:Q25010) Actin, cytoplasmic A3a OS=Helicoverpa armigera GN=actA3a PE=2 SV=1",Q26065,NA,Actin adductor muscle,Leucine-rich repeat-containing protein 44,GO:0005737;GO:0005856;GO:0005524,,GO:0005737;GO:0005856,GO:0005524,NA,NA,NA,NA
41,AM867021,PGEN_.00g009880,1.42E-44,6,,ELAVL2,(sp:O09032) ELAV-like protein 4 OS=Rattus norvegicus GN=Elavl4 PE=1 SV=1,Q12926;D3DRK3;Q13235;Q59G15;Q8NEM4;Q9H1Q8,1993,ELAV-like protein 2,Nervous system-specific RNA-binding protein Hel-N1,GO:0005654;GO:1990904;GO:0003730;GO:0003723;GO:0006355,GO:0006355,GO:0005654;GO:1990904,GO:0003730;GO:0003723,GO:0006351,DNA-templated transcription,DNA-templated transcription,GO:0006351
49,EW778926,PGEN_.00g273280,3.89E-15,6,,CREM,(sp:P79145) cAMP-responsive element modulator OS=Canis familiaris GN=CREM PE=2 SV=2,P79145,403887,cAMP-responsive element modulator,Oleamide hydrolase 1,GO:1990589;GO:0005667;GO:0000981;GO:0001227;GO:0000978;GO:0006357,GO:0006357,GO:1990589;GO:0005667,GO:0000981;GO:0001227;GO:0000978,GO:0006351;GO:0006355,DNA-templated transcription;regulation of DNA-templated transcription,DNA-templated transcription;regulation of DNA-templated transcription,GO:0006351;GO:0006355
6,CU682645,PGEN_.00g177910,8.47E-69,7,,CSNK1A1,(sp:P67963) Casein kinase I isoform alpha OS=Xenopus laevis GN=csnk1a1 PE=2 SV=1,P67962;O57528;P70065;P79789;P79790,395924,Casein kinase I isoform alpha,CK1,GO:0036064;GO:0005737;GO:0000776;GO:0016607;GO:0005634;GO:0005819;GO:0005524;GO:0106310;GO:0004674;GO:0004712;GO:0007049;GO:0051301;GO:0045104;GO:0090090;GO:0018105;GO:0006468;GO:0016055,GO:0007049;GO:0051301;GO:0045104;GO:0090090;GO:0018105;GO:0006468;GO:0016055,GO:0036064;GO:0005737;GO:0000776;GO:0016607;GO:0005634;GO:0005819,GO:0005524;GO:0106310;GO:0004674;GO:0004712,GO:0007010;GO:0023052;GO:0023052,cytoskeleton organization;signaling;signaling,cytoskeleton organization;signaling,GO:0007010;GO:0023052
13,AM864971,PGEN_.00g146190,7.52E-22,7,,SANBR,(sp:Q08AX9) Uncharacterized protein KIAA1841 homolog OS=Xenopus laevis PE=2 SV=1,Q6NSI8;Q49AF0;Q6ZND0;Q96JI6,84542,SANT and BTB domain regulator of class switch recombination,Nucleolar complex-associated protein 4-like protein B,,,,,NA,NA,NA,NA
14,AM862640,PGEN_.00g315750,4.72E-27,7,,NA,(sp:Q3SWX9) Double-strand-break repair protein rad21 homolog OS=Bos taurus GN=RAD21 PE=2 SV=1,NA,NA,NA,NA,NA,NA,NA,NA,NA,NA,NA,NA
22,AM864416,PGEN_.00g224420,1.08E-121,7,,DYRK2,(sp:Q92630) Dual specificity tyrosine-phosphorylation-regulated kinase 2 OS=Homo sapiens GN=DYRK2 PE=1 SV=3,Q92630;B2R9V9;Q9BRB5,8445,Dual specificity tyrosine-phosphorylation-regulated kinase 2,Neurotensin receptor 3,GO:0005737;GO:0005856;GO:0005829;GO:0005654;GO:0005634;GO:1990904;GO:0000151;GO:0005524;GO:0000287;GO:0030145;GO:0106310;GO:0004674;GO:0004712;GO:0004713;GO:0006974;GO:0042771;GO:0070885;GO:0018105;GO:0018107;GO:0045725;GO:0006468;GO:1901796;GO:0007224,GO:0006974;GO:0042771;GO:0070885;GO:0018105;GO:0018107;GO:0045725;GO:0006468;GO:1901796;GO:0007224,GO:0005737;GO:0005856;GO:0005829;GO:0005654;GO:0005634;GO:1990904;GO:0000151,GO:0005524;GO:0000287;GO:0030145;GO:0106310;GO:0004674;GO:0004712;GO:0004713,GO:0012501;GO:0023052;GO:0023052;GO:0005975;GO:0006091;GO:0023052;GO:0023052,programmed cell death;signaling;signaling;carbohydrate metabolic process;generation of precursor metabolites and energy;signaling;signaling,programmed cell death;signaling;carbohydrate metabolic process;generation of precursor metabolites and energy,GO:0012501;GO:0023052;GO:0005975;GO:0006091
24,CU988908,PGEN_.00g244730,4.32E-20,7,,kif11,(sp:Q91783) Kinesin-related motor protein Eg5 2 OS=Xenopus laevis PE=2 SV=1,B2GU58;D0PPG2,548870,Kinesin-like protein KIF11,Costal2,GO:0005813;GO:0005737;GO:0005634;GO:0005876;GO:0000922;GO:0005524;GO:0008017;GO:0003777;GO:0008574;GO:0019901;GO:0051301;GO:0007018;GO:0090307,GO:0051301;GO:0007018;GO:0090307,GO:0005813;GO:0005737;GO:0005634;GO:0005876;GO:0000922,GO:0005524;GO:0008017;GO:0003777;GO:0008574;GO:0019901,GO:0000278;GO:0007010;GO:0140014,mitotic cell cycle;cytoskeleton organization;mitotic nuclear division,mitotic cell cycle;cytoskeleton organization;mitotic nuclear division,GO:0000278;GO:0007010;GO:0140014
27,FP003003,PGEN_.00g171530,9.12E-16,7,,Phaf1,(sp:Q922R1) UPF0183 protein C16orf70 homolog OS=Mus musculus PE=2 SV=1,O08654,207123,Phagosome assembly factor 1,Der1-like protein 1,GO:0030425;GO:0016020;GO:0000407;GO:0030672;GO:0005802;GO:0035254;GO:0030165;GO:0043001,GO:0043001,GO:0030425;GO:0016020;GO:0000407;GO:0030672;GO:0005802,GO:0035254;GO:0030165,GO:0016192;GO:0072659,vesicle-mediated transport;protein localization to plasma membrane,vesicle-mediated transport;protein localization to plasma membrane,GO:0016192;GO:0072659
29,AM868574,PGEN_.00g052730,1.32E-28,7,,lig1,(sp:P51892) DNA ligase 1 OS=Xenopus laevis GN=lig1 PE=2 SV=1,P51892,397978,DNA ligase 1,Polydeoxyribonucleotide synthase [ATP] 1,GO:0005634;GO:0005524;GO:0003677;GO:0003910;GO:0046872;GO:0007049;GO:0051301;GO:0071897;GO:0006310;GO:0006281;GO:0006260,GO:0007049;GO:0051301;GO:0071897;GO:0006310;GO:0006281;GO:0006260,GO:0005634,GO:0005524;GO:0003677;GO:0003910;GO:0046872,NA,NA,NA,NA
30,DV736560,PGEN_.00g048520,1.46E-41,7,,Gtpbp1,(sp:Q17045) GTP-binding protein AGP-1 OS=Ascaris suum GN=AGP-1 PE=2 SV=1,D2XV59,300077,GTP-binding protein 1,Extracellular O-linked N-acetylglucosamine transferase,GO:0000177;GO:0005829;GO:0005525;GO:0003924;GO:0003746;GO:0046039;GO:0061014;GO:0006414,GO:0046039;GO:0061014;GO:0006414,GO:0000177;GO:0005829,GO:0005525;GO:0003924;GO:0003746,GO:0055086;GO:1901135;GO:0016071,nucleobase-containing small molecule metabolic process;carbohydrate derivative metabolic process;mRNA metabolic process,nucleobase-containing small molecule metabolic process;carbohydrate derivative metabolic process;mRNA metabolic process,GO:0055086;GO:1901135;GO:0016071
35,AM856856,PGEN_.00g308040,3.36E-24,7,,DNAJC27,(sp:Q8CFP6) DnaJ homolog subfamily C member 27 OS=Mus musculus GN=Dnajc27 PE=2 SV=1,Q6IMM1,402783,DnaJ homolog subfamily C member 27,Rab and DnaJ domain-containing protein,GO:0005634;GO:0005525;GO:0003924;GO:0006886;GO:0070374;GO:0071701,GO:0006886;GO:0070374;GO:0071701,GO:0005634,GO:0005525;GO:0003924,GO:0023052;GO:0006886;GO:0006913,signaling;intracellular protein transport;nucleocytoplasmic transport,signaling;intracellular protein transport;nucleocytoplasmic transport,GO:0023052;GO:0006886;GO:0006913
39,FP004345,PGEN_.00g177910,3.07E-37,7,,CSNK1A1,(sp:P67963) Casein kinase I isoform alpha OS=Xenopus laevis GN=csnk1a1 PE=2 SV=1,P67962;O57528;P70065;P79789;P79790,395924,Casein kinase I isoform alpha,CK1,GO:0036064;GO:0005737;GO:0000776;GO:0016607;GO:0005634;GO:0005819;GO:0005524;GO:0106310;GO:0004674;GO:0004712;GO:0007049;GO:0051301;GO:0045104;GO:0090090;GO:0018105;GO:0006468;GO:0016055,GO:0007049;GO:0051301;GO:0045104;GO:0090090;GO:0018105;GO:0006468;GO:0016055,GO:0036064;GO:0005737;GO:0000776;GO:0016607;GO:0005634;GO:0005819,GO:0005524;GO:0106310;GO:0004674;GO:0004712,GO:0007010;GO:0023052;GO:0023052,cytoskeleton organization;signaling;signaling,cytoskeleton organization;signaling,GO:0007010;GO:0023052
45,FP001578,PGEN_.00g319680,8.83E-16,7,,NA,predicted protein [Nematostella vectensis],NA,NA,NA,NA,NA,NA,NA,NA,NA,NA,NA,NA
47,AM863869,PGEN_.00g042700,1.26E-25,7,,DGKE,(sp:P52429) Diacylglycerol kinase epsilon OS=Homo sapiens GN=DGKE PE=1 SV=1,P52429;Q8TBM4;Q9UKQ3,8526,Diacylglycerol kinase epsilon,Diglyceride kinase epsilon,GO:0005737;GO:0005829;GO:0098978;GO:0016021;GO:0016020;GO:0005654;GO:0005886;GO:0005524;GO:0004143;GO:0016301;GO:0046872;GO:0003951;GO:0046339;GO:0035556;GO:0046834;GO:0050804;GO:0006654;GO:0006661;GO:0030168;GO:0007205,GO:0046339;GO:0035556;GO:0046834;GO:0050804;GO:0006654;GO:0006661;GO:0030168;GO:0007205,GO:0005737;GO:0005829;GO:0098978;GO:0016021;GO:0016020;GO:0005654;GO:0005886,GO:0005524;GO:0004143;GO:0016301;GO:0046872;GO:0003951,GO:0006629;GO:0023052;GO:0006629;GO:0023052;GO:0006629;GO:0006629;GO:0042060;GO:0023052,lipid metabolic process;signaling;lipid metabolic process;signaling;lipid metabolic process;lipid metabolic process;wound healing;signaling,lipid metabolic process;signaling;wound healing,GO:0006629;GO:0023052;GO:0042060
52,AM864745,PGEN_.00g178960,1.06E-26,7,,UBC28,GK24680 [Drosophila willistoni],Q94F47;Q9SH72,842728,Ubiquitin-conjugating enzyme E2 28,Ubiquitin carrier protein 28,GO:0005634;GO:0005524;GO:0061631;GO:0000209;GO:0006511,GO:0000209;GO:0006511,GO:0005634,GO:0005524;GO:0061631,GO:0030163,protein catabolic process,protein catabolic process,GO:0030163
62,BQ427163,PGEN_.00g040150,1.99E-37,8,,H2A.F/Z,(sp:Q5BJ65) Histone H2A.V OS=Xenopus tropicalis GN=h2afv PE=2 SV=3,P08991,NA,Histone H2A.V,H2A.F/Z,GO:0000786;GO:0005634;GO:0003677;GO:0046982;GO:0031507,GO:0031507,GO:0000786;GO:0005634,GO:0003677;GO:0046982,GO:0006325,chromatin organization,chromatin organization,GO:0006325
65,CU685661,PGEN_.00g012180,2.34E-21,9,female gonad,ARHGAP11A,(sp:Q6P4F7) Rho GTPase-activating protein 11A OS=Homo sapiens GN=ARHGAP11A PE=1 SV=2,Q6P4F7;B4DZN9;Q6PI96;Q9Y3S6,9824,Rho GTPase-activating protein 11A,Rho-type GTPase-activating protein 11A,GO:0005829;GO:0005634;GO:0005096;GO:0043547;GO:0051056;GO:0007165,GO:0043547;GO:0051056;GO:0007165,GO:0005829;GO:0005634,GO:0005096,GO:0023052;GO:0023052,signaling;signaling,signaling,GO:0023052
53,FP011152,PGEN_.00g099330,3.38E-23,9,female gonad,SUMO3,(sp:P61959) Small ubiquitin-related modifier 2 OS=Rattus norvegicus GN=Sumo2 PE=1 SV=1,Q17QV3,617236,Small ubiquitin-related modifier 3,Asparaginyl-tRNA synthetase,GO:0005737;GO:0005634;GO:0016605;GO:0031386;GO:0044389;GO:0043392;GO:0016925;GO:1900180,GO:0043392;GO:0016925;GO:1900180,GO:0005737;GO:0005634;GO:0016605,GO:0031386;GO:0044389,NA,NA,NA,NA
3,FP005928,PGEN_.00g115390,1.69E-20,9,,CBX3,(sp:P83917) Chromobox protein homolog 1 OS=Mus musculus GN=Cbx1 PE=1 SV=1,Q5R6X7,100173451,Chromobox protein homolog 3,Heterochromatin protein 1 homolog gamma,GO:0000785;GO:0061793;GO:0000779;GO:0000791;GO:0000792;GO:0005635;GO:0005721;GO:0090575;GO:0090734;GO:0005819;GO:1990226;GO:0042802;GO:0019904;GO:0001221;GO:0006974;GO:0031507;GO:0045892;GO:0048511,GO:0006974;GO:0031507;GO:0045892;GO:0048511,GO:0000785;GO:0061793;GO:0000779;GO:0000791;GO:0000792;GO:0005635;GO:0005721;GO:0090575;GO:0090734;GO:0005819,GO:1990226;GO:0042802;GO:0019904;GO:0001221,GO:0006325;GO:0006351;GO:0006355,chromatin organization;DNA-templated transcription;regulation of DNA-templated transcription,chromatin organization;DNA-templated transcription;regulation of DNA-templated transcription,GO:0006325;GO:0006351;GO:0006355
16,AM858786,PGEN_.00g130450,7.76E-11,9,,PIPOX,(sp:Q9P0Z9) Peroxisomal sarcosine oxidase OS=Homo sapiens GN=PIPOX PE=2 SV=2,Q29RU9;Q5E9H6,509102,Peroxisomal sarcosine oxidase,L-pipecolic acid oxidase,GO:0005777;GO:0050031;GO:0008115;GO:0033514;GO:0046653,GO:0033514;GO:0046653,GO:0005777,GO:0050031;GO:0008115,GO:0006520;GO:0006790;GO:0055086;GO:1901135;GO:0006575,cellular amino acid metabolic process;sulfur compound metabolic process;nucleobase-containing small molecule metabolic process;carbohydrate derivative metabolic process;cellular modified amino acid metabolic process,cellular amino acid metabolic process;sulfur compound metabolic process;nucleobase-containing small molecule metabolic process;carbohydrate derivative metabolic process;cellular modified amino acid metabolic process,GO:0006520;GO:0006790;GO:0055086;GO:1901135;GO:0006575
31,AM863306,PGEN_.00g115390,5.91E-31,9,,CBX3,(sp:P83917) Chromobox protein homolog 1 OS=Mus musculus GN=Cbx1 PE=1 SV=1,Q5R6X7,100173451,Chromobox protein homolog 3,Heterochromatin protein 1 homolog gamma,GO:0000785;GO:0061793;GO:0000779;GO:0000791;GO:0000792;GO:0005635;GO:0005721;GO:0090575;GO:0090734;GO:0005819;GO:1990226;GO:0042802;GO:0019904;GO:0001221;GO:0006974;GO:0031507;GO:0045892;GO:0048511,GO:0006974;GO:0031507;GO:0045892;GO:0048511,GO:0000785;GO:0061793;GO:0000779;GO:0000791;GO:0000792;GO:0005635;GO:0005721;GO:0090575;GO:0090734;GO:0005819,GO:1990226;GO:0042802;GO:0019904;GO:0001221,GO:0006325;GO:0006351;GO:0006355,chromatin organization;DNA-templated transcription;regulation of DNA-templated transcription,chromatin organization;DNA-templated transcription;regulation of DNA-templated transcription,GO:0006325;GO:0006351;GO:0006355
42,AM862562,PGEN_.00g240650,2.17E-41,9,,mcm7,(sp:Q6NX31) DNA replication licensing factor mcm7 OS=Xenopus tropicalis GN=mcm7 PE=2 SV=1,Q6NX31,407945,DNA replication licensing factor mcm7,Minichromosome maintenance protein 7,GO:0000785;GO:0071162;GO:0042555;GO:0005634;GO:0005524;GO:0016887;GO:0003678;GO:0046872;GO:0003697;GO:0007049;GO:0006270;GO:0006271;GO:0006268;GO:0000727;GO:0030174,GO:0007049;GO:0006270;GO:0006271;GO:0006268;GO:0000727;GO:0030174,GO:0000785;GO:0071162;GO:0042555;GO:0005634,GO:0005524;GO:0016887;GO:0003678;GO:0046872;GO:0003697,GO:0006260;GO:0006260;GO:0006260;GO:0006281;GO:0006310;GO:0006260,DNA replication;DNA replication;DNA replication;DNA repair;DNA recombination;DNA replication,DNA replication;DNA repair;DNA recombination,GO:0006260;GO:0006281;GO:0006310
44,AM869187,PGEN_.00g240650,1.35E-25,9,,mcm7,(sp:Q91876) DNA replication licensing factor mcm7-A OS=Xenopus laevis GN=mcm7-A PE=1 SV=2,Q6NX31,407945,DNA replication licensing factor mcm7,Minichromosome maintenance protein 7,GO:0000785;GO:0071162;GO:0042555;GO:0005634;GO:0005524;GO:0016887;GO:0003678;GO:0046872;GO:0003697;GO:0007049;GO:0006270;GO:0006271;GO:0006268;GO:0000727;GO:0030174,GO:0007049;GO:0006270;GO:0006271;GO:0006268;GO:0000727;GO:0030174,GO:0000785;GO:0071162;GO:0042555;GO:0005634,GO:0005524;GO:0016887;GO:0003678;GO:0046872;GO:0003697,GO:0006260;GO:0006260;GO:0006260;GO:0006281;GO:0006310;GO:0006260,DNA replication;DNA replication;DNA replication;DNA repair;DNA recombination;DNA replication,DNA replication;DNA repair;DNA recombination,GO:0006260;GO:0006281;GO:0006310
46,AM867282,PGEN_.00g287710,3.70E-12,10,,CSRP3,(sp:P50462) Cysteine and glycine-rich protein 3 OS=Mus musculus GN=Csrp3 PE=2 SV=1,P50461;Q9P131;S4S7M7,8048,Cysteine and glycine-rich protein 3,Muscle LIM protein,GO:0005737;GO:0005856;GO:0005634;GO:0030018;GO:0003779;GO:0042805;GO:0042802;GO:0046872;GO:0008307;GO:0031433;GO:0030036;GO:0060048;GO:0003300;GO:0048738;GO:0055003;GO:0006874;GO:0035995;GO:0042593;GO:0006954;GO:0008286;GO:0060537;GO:1903919;GO:0045662;GO:1903920;GO:0045663;GO:0045944;GO:0070528;GO:0033365;GO:1903076;GO:0002026;GO:0045214;GO:0007519;GO:0033292,GO:0030036;GO:0060048;GO:0003300;GO:0048738;GO:0055003;GO:0006874;GO:0035995;GO:0042593;GO:0006954;GO:0008286;GO:0060537;GO:1903919;GO:0045662;GO:1903920;GO:0045663;GO:0045944;GO:0070528;GO:0033365;GO:1903076;GO:0002026;GO:0045214;GO:0007519;GO:0033292,GO:0005737;GO:0005856;GO:0005634;GO:0030018,GO:0003779;GO:0042805;GO:0042802;GO:0046872;GO:0008307;GO:0031433,GO:0007010;GO:0003012;GO:0003013;GO:0003012;GO:0048856;GO:0007010;GO:0030154;GO:0048856;GO:0023052;GO:0048856;GO:0030154;GO:0048856;GO:0030154;GO:0048856;GO:0006351;GO:0006355;GO:0023052;GO:0072659;GO:0003013;GO:0007010;GO:0030154;GO:0048856;GO:0048856;GO:0030154;GO:0048856;GO:0061024,cytoskeleton organization;muscle system process;circulatory system process;muscle system process;anatomical structure development;cytoskeleton organization;cell differentiation;anatomical structure development;signaling;anatomical structure development;cell differentiation;anatomical structure development;cell differentiation;anatomical structure development;DNA-templated transcription;regulation of DNA-templated transcription;signaling;protein localization to plasma membrane;circulatory system process;cytoskeleton organization;cell differentiation;anatomical structure development;anatomical structure development;cell differentiation;anatomical structure development;membrane organization,cytoskeleton organization;muscle system process;circulatory system process;anatomical structure development;cell differentiation;signaling;DNA-templated transcription;regulation of DNA-templated transcription;protein localization to plasma membrane;membrane organization,GO:0007010;GO:0003012;GO:0003013;GO:0048856;GO:0030154;GO:0023052;GO:0006351;GO:0006355;GO:0072659;GO:0061024
61,CU997354,PGEN_.00g333980,8.07E-23,10,,PCR3,predicted protein [Nematostella vectensis],P0CW97;Q3E8N9,833517,Protein PLANT CADMIUM RESISTANCE 3,Histone-arginine N-methyltransferase PRMT2,GO:0016021,,GO:0016021,,NA,NA,NA,NA